CCCCCCCC/C=C\CCCCCCCC(N)=O,0
CCCCCCOC(=O)c1ccccc1,0
O=C(c1ccc(Cl)cc1)c1ccc(Cl)cc1,0
COc1cc(Cl)c(OC)cc1N,0
N[C@H](Cc1c[nH]c2ccccc12)C(=O)O,0
Cc1ccccc1N1C(=O)c2cc(S(N)(=O)=O)c(Cl)cc2NC1C,0
CCCC(CCC)C(=O)[O-],0
CC(=O)O[Si](C)(OC(C)=O)OC(C)=O,0
CCC(C)C1N=C(C)C(C)S1,0
C=CCCCCCCCC,0
O=P([O-])([O-])OC(CO)CO,0
O=C(O)c1cccc(C(=O)O)n1,0
O=[N+]([O-])C=Cc1ccccc1,1
N#Cc1c[nH]cc1-c1cccc2c1OC(F)(F)O2,1
O=C(O)Cn1c(C(=O)Nc2nc(-c3ccccc3Cl)cs2)cc2ccccc21,0
CCCC1CCC(=O)O1,0
c1ccc2cnncc2c1,0
O=[N+]([O-])c1cc(C(F)(F)F)cc([N+](=O)[O-])c1Cl,0
C/C=C1\NC(=O)[C@H]2CSSCCC=C[C@H](CC(=O)N[C@H](C(C)C)C(=O)N2)OC(=O)[C@H](C(C)C)NC1=O,1
CC(Cl)CCl,0
CC(=O)OCCC(C)CC(C)(C)C,0
COc1cc(CCC(C)=O)ccc1O,0
O=C(N/N=C/c1ccc([N+](=O)[O-])o1)c1cc([N+](=O)[O-])cc([N+](=O)[O-])c1O,0
N#Cc1c(Cl)c(Cl)c(Cl)c(C#N)c1Cl,1
O=C(CBr)c1ccccc1,0
C[C@]12O[C@H](C[C@]1(O)CO)n1c3ccccc3c3c4c(c5c6ccccc6n2c5c31)CNC4=O,1
CC(=O)Nc1c(I)c(C(=O)N[C@H]2C(O)O[C@H](CO)[C@@H](O)[C@@H]2O)c(I)c(N(C)C(C)=O)c1I,0
O=P1(NCCCl)OCCCN1CCCl,0
CC(C)OC(=O)c1cc2c(OCC(O)CNC(C)(C)C)cccc2[nH]1,0
CCCN(CC)C(CC)C(=O)Nc1c(C)cccc1C,0
CCCCCCCCCCCCOS(=O)(=O)[O-],0
CN1CCCC(CC2c3ccccc3Sc3ccccc32)C1,0
O=C(O)CCCOc1ccc(Cl)cc1Cl,0
O=C(c1ccccc1)c1cc(Cl)ccc1O,0
O=S(=O)([O-])c1ccc(O)cc1,0
OCC(Cl)CCl,0
C=C(NC(=O)C(=C)NC(=O)c1csc(C2=NC3c4csc(n4)C4NC(=O)c5csc(n5)C(C(C)(O)C(C)O)NC(=O)C5CSC(=N5)/C(=C\C)NC(=O)C(C(C)O)NC(=O)c5csc(n5)C3(CC2)NC(=O)C(C)NC(=O)C(=C)NC(=O)C(C)NC(=O)C(C(C)CC)NC2C=Cc3c(C(C)O)cc(nc3C2O)C(=O)OC4C)n1)C(N)=O,1
CCCCCCC[N+](CC)(CC)CCCCc1ccc(Cl)cc1,0
Cc1cc(C(F)(C(F)(F)F)C(F)(F)F)ccc1NC(=O)c1cccc(I)c1C(=O)NC(C)(C)CS(C)(=O)=O,0
Cc1ccc(C=C2C(=O)C3CCC2C3(C)C)cc1,0
CN1C(=O)CC(C)(c2ccccc2)C1=O,0
O=[N+]([O-])c1ccc(Cl)cc1,0
CC(C)=CCC[C@H](C)CCO,0
CNc1cc(OC)c(C(=O)N[C@H]2CCN(Cc3ccccc3)[C@H]2C)cc1Cl,0
CO[C@@]1(NC(=O)C2SC(=C(C(N)=O)C(=O)O)S2)C(=O)N2C(C(=O)O)=C(CSc3nnnn3C)CS[C@@H]21,0
CC1=C(O)C(=O)OC1C,0
C=CCc1ccc(OC(=O)Cc2ccccc2)c(OC)c1,0
CCC(C)c1cc([N+](=O)[O-])cc([N+](=O)[O-])c1OC(=O)OC(C)C,1
c1ccc(-c2ccccc2)cc1,0
CN(C)Cc1cc(C(C)(C)C)c(O)c(C(C)(C)C)c1,0
C=CC(=O)OCCCCCC(C)C,0
O=C(CCS)OCC(COC(=O)CCS)(COC(=O)CCS)COC(=O)CCS,1
CCCCC(=O)N(Cc1ccc(-c2ccccc2-c2nnn[nH]2)cc1)[C@@H](C(=O)O)C(C)C,0
Nc1ccccc1,0
Cc1ccc(-c2ccccc2)cc1,0
C=CC(=O)NC(C)C,0
NCCc1cnc[nH]1,0
O=C1c2ccccc2CCc2ccccc21,0
CCN(CC)C(=O)SCc1ccc(Cl)cc1,0
CC[C@@]1(O)C(=O)OCc2c1cc1n(c2=O)Cc2cc3c([N+](=O)[O-])cccc3nc2-1,1
CNC1CCCN(c2c(F)cc3c(=O)c(C(=O)O)cn(C4CC4)c3c2OC)C1,0
Cc1cc(O)cc2c1O[C@](C)(CCC[C@H](C)CCC[C@H](C)CCCC(C)C)CC2,0
C/C=C/C[C@@H](C)[C@@H](O)[C@H]1C(=O)N[C@@H](CC)C(=O)N(C)CC(=O)N(C)[C@@H](CC(C)C)C(=O)N[C@@H](C(C)C)C(=O)N(C)[C@@H](CC(C)C)C(=O)N[C@@H](C)C(=O)N[C@H](C)C(=O)N(C)[C@@H](CC(C)C)C(=O)N(C)[C@@H](CC(C)C)C(=O)N(C)[C@@H](C(C)C)C(=O)N1C,0
Cc1cc(C)c(/N=N/c2c(O)c(S(=O)(=O)[O-])cc3cc(S(=O)(=O)[O-])ccc23)cc1C,0
CO/N=C(\C(=O)N[C@@H]1C(=O)N2C(C(=O)[O-])=C(CSc3nc(C)c(CC(=O)[O-])s3)CS[C@H]12)c1csc(N)n1,0
CCCC(=O)C(CC)Sc1ccoc1C,0
O=C(O)c1cccc(Cl)n1,0
Nc1c(CC(=O)[O-])cccc1C(=O)c1ccccc1,0
N#CC1(N=NC2(C#N)CCCCC2)CCCCC1,0
Oc1cccc2cccnc12.Oc1cccc2cccnc12,1
CCCOc1ccc(C(=O)OCCN(CC)CC)cc1N,0
CC1=C[C@H](O)CC(C)(C)[C@H]1/C=C/C(C)=C/C=C/C(C)=C/C=C\C=C(C)\C=C\C=C(C)\C=C\C1=C(C)C[C@@H](O)CC1(C)C,1
O=C(O)CNCC(=O)O,0
Brc1ccc(Br)cc1,0
C=C[C@H]1CN2CCC1C[C@H]2[C@H](O)c1ccnc2ccc(OC)cc12,0
CC(C)(C)c1ccc(O)c(O)c1,0
CCC(=O)Nc1ccc(O)cc1,0
Cc1nc2ccc(Cl)cc2[nH]1,0
c1ccccc1,0
CCCCOC(=O)COc1ccc(Cl)cc1Cl,0
CCN1CCCC1CNC(=O)c1cc(S(=O)(=O)CC)c(N)cc1OC,0
CCN(CC)CCO[C@H]1CC[C@@]2(C)C(=CC[C@H]3[C@@H]4CCC(=O)[C@@]4(C)CC[C@@H]32)C1,0
Nc1ccccc1,0
COc1cc2nc(N3CCN(C(=O)C4COc5ccccc5O4)CC3)nc(N)c2cc1OC,0
COc1c(C)c2c(c(O)c1C/C=C(\C)CCC(=O)OCCN1CCOCC1)C(=O)OC2,1
CCN(Cc1cccc(S(=O)(=O)[O-])c1)c1ccc(C(=C2C=CC(=[N+](CC)Cc3cccc(S(=O)(=O)[O-])c3)C=C2)c2ccccc2)cc1,0
CC(C)(C)[C@]1(O)CCN2C[C@H]3c4ccccc4CCc4cccc(c43)[C@@H]2C1,0
C=COCCCCO,0
CN1C(=S)CN=C(c2ccccc2)c2cc(Cl)ccc21,0
Cc1ncc(C[n+]2csc(CCOP(=O)(O)OP(=O)(O)O)c2C)c(N)n1,0
CSC(=O)c1c(C(F)F)nc(C(F)(F)F)c(C(=O)SC)c1CC(C)C,0
Cc1cccc(N)c1N,0
Nc1nc2nc[nH]c2c(=S)[nH]1,1
O=[N+]([O-])c1cccc(CCl)c1,0
CCCC(CCC)C(=O)O[C@@H]1C[C@@H]2CC[C@H](C1)[N+]2(C)C,0
Cc1ccc(N)cc1N,0
CN(C)CCN(Cc1cccs1)c1ccccn1.CN(C)CCN(Cc1cccs1)c1ccccn1,0
CN(CCCl)CCCl,1
CCc1cnc(C2=NC(C)(C(C)C)C(=O)N2)c(C(=O)O)c1,0
CC(CO)CO,0
CN1[C@H]2CC[C@@H]1[C@@H](C(=O)O)[C@@H](OC(=O)c1ccccc1)C2,0
CNCCO,0
CN[C@H](CC(C)C)C(=O)N[C@H]1C(=O)N[C@@H](CC(N)=O)C(=O)N[C@H]2C(=O)N[C@H]3C(=O)N[C@H](C(=O)N[C@@H](C(=O)O)c4cc(O)cc(O)c4-c4cc3ccc4O)[C@H](O)c3ccc(c(Cl)c3)Oc3cc2cc(c3O[C@@H]2O[C@H](CO)[C@@H](O)[C@H](O)[C@H]2O[C@H]2C[C@](C)(N)C(O)[C@H](C)O2)Oc2ccc(cc2Cl)[C@H]1O,0
COC1=C(OC)C(=O)C(CCCCCCCCCCO)=C(C)C1=O,1
CC/C(=C(/CC)c1ccc(OP(=O)(O)O)cc1)c1ccc(OP(=O)(O)O)cc1,0
O=C(Nc1ccc(Oc2ccc(Cl)cc2)c(Cl)c1)c1cc(I)cc(I)c1O,1
CCOC(=O)C1CC(=O)C(=C(O)C2CC2)C(=O)C1,0
CC(=O)OCCOC(C)=O,0
CCCCCCCC(=O)OCC(O)CO,0
C[C@H](N[C@H](CCc1ccccc1)C(=O)O)C(=O)N1CCC[C@H]1C(=O)O,0
C=CCCCCCCCCCCCC,0
CNC(=O)Oc1cc(C)c(N(C)C)c(C)c1,0
CC1CC(OC(=O)C(O)c2ccccc2)CC(C)(C)N1C,0
CC(NNC(=O)c1ccccc1)c1ccccc1,0
C=CCN1C(=O)C(CC(C)C)NC1=S,0
Cn1c(=O)c2c(ncn2CC2OCCO2)n(C)c1=O,0
O=CC=Cc1ccccc1,0
Cc1cc(C)n(CO)n1,0
Cc1c(-c2cccnc2)c2ccccc2n1CCCCC(=O)O,0
COc1ccc(CN(CCN(C)C)c2ccccn2)cc1,0
C=CN1CCCC1=O,0
CC1(c2ccccc2)OC(C(=O)O)=CC1=O,0
O=C1C(=O)c2ncccc2-c2cccnc21,1
Nc1nnc(-c2ccc([N+](=O)[O-])o2)o1,0
CCCSc1ccc2[nH]c(NC(=O)OC)nc2c1,1
CC(=O)[C@H]1CC[C@H]2[C@@H]3CC[C@H]4C[C@](C)(O)CC[C@]4(C)[C@H]3CC[C@]12C,0
COc1cc(NS(C)(=O)=O)ccc1Nc1c2ccccc2nc2ccccc12,1
O=C(OC[C@H]1O[C@@H](OC(=O)c2cc(O)c(O)c(OC(=O)c3cc(O)c(O)c(O)c3)c2)[C@H](OC(=O)c2cc(O)c(O)c(OC(=O)c3cc(O)c(O)c(O)c3)c2)[C@@H](OC(=O)c2cc(O)c(O)c(OC(=O)c3cc(O)c(O)c(O)c3)c2)[C@@H]1OC(=O)c1cc(O)c(O)c(OC(=O)c2cc(O)c(O)c(O)c2)c1)c1cc(O)c(O)c(OC(=O)c2cc(O)c(O)c(O)c2)c1,1
CCNC1(c2cccs2)CCCCC1=O,0
CN1CCc2cc(Cl)c(O)cc2[C@H]2c3ccccc3CC[C@@H]21,0
O=c1oc2ccccc2c(O)c1C(CC(O)c1ccc(-c2ccc(Br)cc2)cc1)c1ccccc1,1
Fc1c(F)c(F)c(Br)c(F)c1F,0
F/C(COc1ccc2c(c1)[nH]c1ccccc12)=C1/CN2CCC1CC2,0
CC(=O)c1ccc(C)cc1,0
COc1c2occc2cc2ccc(=O)oc12,0
C=C1C[C@]23CC[C@@H]4[C@](C)(C(=O)O[C@@H]5O[C@H](CO)[C@@H](O)[C@H](O)[C@H]5O)CCC[C@]4(C)[C@@H]2C[C@@H](O[C@@H]2O[C@H](CO)[C@@H](O)[C@H](O[C@@H]4O[C@H](CO)[C@@H](O)[C@H](O)[C@H]4O)[C@H]2OC2O[C@H](CO)[C@@H](O)[C@H](O)[C@H]2O)[C@@H]1C3,0
C[NH+](C)CCC(c1ccc(Cl)cc1)c1ccccn1,0
CC(C)(C)c1nnc(NS(=O)(=O)c2ccccc2)s1,0
COC(=O)c1cc(Oc2ccc(Cl)cc2Cl)ccc1[N+](=O)[O-],0
CCCCCC=CCC(=O)OC,0
O=S(=O)(O)c1ccc(O)c2ncccc12,0
COC1=CC(=O)C[C@@H](C)[C@]12Oc1c(Cl)c(OC)cc(OC)c1C2=O,1
CN(C)C(=O)CNC(=O)Cc1ccccc1,0
ON=C1CCCC1,0
CN(C)c1ccncc1,0
O=C1CN=C(c2ccccc2)c2cc([N+](=O)[O-])ccc2N1,0
N[C@@H](Cc1ccc(N(CCCl)CCCl)cc1)C(=O)O,1
C=CC(=O)Nc1cc2c(Nc3ccc(F)c(Cl)c3)ncnc2cc1OCCCN1CCOCC1,1
CC(C)(C)c1ccccc1,0
O=C1NS(=O)(=O)c2ccccc21,0
CCCCC(=O)[O-],0
CC[C@H](C)C(=O)O[C@H]1C[C@H](O)C=C2C=C[C@H](C)[C@H](CC[C@@H](O)C[C@@H](O)CC(=O)[O-])[C@H]21,0
CC(=O)[C@]1(O)Cc2c(O)c3c(c(O)c2[C@@H](O[C@H]2C[C@H](N)[C@H](O)[C@H](C)O2)C1)C(=O)c1ccccc1C3=O,1
C[N+]1(C)CCC(OC(=O)C(O)(c2ccccc2)C2CCCC2)C1,0
CCOC(=O)COc1ccc(C)cc1,0
Oc1ccc(O)c2c(O)cccc12,0
O=C(OCc1ccccc1)C(=O)OCc1ccccc1,0
Brc1c2ccccc2cc2ccccc12,1
COc1ccccc1N1CCN(CCCNc2cc(=O)n(C)c(=O)n2C)CC1,0
O=C(c1ccc(OCCN2CCCCC2)cc1)c1c(-c2ccc(O)cc2)sc2cc(O)ccc12,1
CSc1nc(NC2CC2)nc(NC(C)(C)C)n1,0
O=S(=O)(O)NC1CCCCC1,0
CCCOC(=O)Cc1ccc(OCC(=O)N(CC)CC)c(OC)c1,0
CC(=O)Oc1c(C)cc(OCC(O)CNC(C)C)c(C)c1C,0
c1ccc2c(c1)Oc1ccccc1S2,0
Cc1cc2c3c(c1)C(c1ccccc1)=N[C@@H](NC(=O)c1ccncc1)C(=O)N3CC2,0
C=CCSSCC=C,1
CCNc1cccc(C)c1,0
Cc1ncc(C[n+]2csc(CCO)c2C)c(N)n1,0
CN(Cc1ccc(C(C)(C)C)cc1)Cc1cccc2ccccc12,0
O=C(c1ccc(OCCN2CCCCC2)cc1)c1c(-c2ccc(O)cc2)sc2cc(O)ccc12,1
[O-][n+]1ccccc1SSc1cccc[n+]1[O-],1
Nc1ccc([N+](=O)[O-])cc1N,0
Nc1ccc2ccccc2c1S(=O)(=O)O,0
Cc1cccc(C)c1NC(=O)CN(CC(=O)O)CC(=O)O,0
O=c1ccc2cc(O[C@@H]3O[C@H](CO)[C@@H](O)[C@H](O)[C@H]3O)c(O)cc2o1,1
O=S(=O)(Cl)c1ccccc1,0
CCOc1ccc2nc(S(N)(=O)=O)sc2c1,0
C/C(=C\c1csc(C)n1)C1C[C@@H]2O[C@]2(C)CCC[C@H](C)C(O)[C@@H](C)C(=O)C(C)(C)[C@@H](O)CC(=O)O1,1
CCN1C(=CC=Cc2ccc3ccccc3[n+]2CC)C=Cc2ccccc21,1
COc1cc(NCCCC(C)N)c2ncccc2c1,1
CNCCCN1c2ccccc2CCc2ccccc21,0
CCCCN1C(=O)[C@@H]([C@H](O)C2CCCCC2)NC(=O)C12CCN(Cc1ccc(Oc3ccc(C(=O)O)cc3)cc1)CC2,1
N#Cc1ccc(CC(=O)c2cccc(C(F)(F)F)c2)cc1,0
S=C=NCc1ccccc1,1
O=c1[nH]c(=O)n([C@H]2C[C@H](O)[C@@H](CO)O2)cc1C(F)(F)F,1
NC(=O)CCCCC(N)=O,0
CO[C@H]1[C@H]([C@@]2(C)O[C@@H]2CC=C(C)C)[C@]2(CC[C@H]1OC(=O)/C=C/C=C/C=C/C=C/C(=O)O)CO2,0
C=C(C)[C@H]1CN[C@H](C(=O)O)[C@H]1CC(=O)O,1
Nc1ccc(/N=N\c2ccccc2)c(N)c1,0
[O-][Cl+3]([O-])([O-])[O-],0
NC(=O)NC(N)=O,0
Oc1c(Br)cc(Br)cc1Br,1
CN(N=O)C(=N)N[N+](=O)[O-],1
NNc1nc(-c2ccc(N)cc2)cs1,0
CC(=O)O[C@H]1C[C@H](O[C@H]2[C@@H](O)C[C@H](O[C@H]3[C@@H](O)C[C@H](OC4CC[C@@]5(C)C(CC[C@@H]6[C@@H]5CC[C@]5(C)[C@@H](C7=CC(=O)OC7)[C@@H](O)C[C@]65O)C4)O[C@@H]3C)O[C@@H]2C)O[C@H](C)[C@H]1O[C@@H]1O[C@H](CO)[C@@H](O)[C@H](O)[C@H]1O,1
CC(Cc1ccc(C(C)(C)C)cc1)CN1C[C@H](C)O[C@H](C)C1,0
CCCCCC#CC(=O)OC,0
CC[C@]1(O)C[C@H]2CN(CCc3c([nH]c4ccccc34)[C@@](C(=O)OC)(c3cc4c(cc3OC)N(C)[C@H]3[C@@](O)(C(N)=O)[C@H](O)[C@]5(CC)C=CCN6CC[C@]43[C@@H]65)C2)C1,1
CC1=CC(=O)c2ccccc2C1=O,1
c1ccc2c(c1)OCC(C1=NCCN1)O2,0
O=C(Nc1ccc(Br)cc1)c1cc(Br)cc(Br)c1O,1
CCN(O)CC,0
CCCCCCC1(C)CCC(=O)O1,0
CCOc1cc(OCC)c(C(C)=O)cc1OCC,0
c1ccc(Oc2ccccc2)cc1,0
O=C([O-])CF,0
O=C([O-])C1O[Sb]2OC(=O)C(O2)C(C(=O)[O-])O[Sb]2OC(=O)C1O2,1
C/N=C(\NC)NCc1ccccc1.C/N=C(\NC)NCc1ccccc1,0
C=C[C@H]1CN2CC[C@H]1C[C@H]2[C@H](O)c1ccnc2ccc(OC)cc12.C=C[C@H]1CN2CC[C@H]1C[C@H]2[C@H](O)c1ccnc2ccc(OC)cc12,0
Cc1ccc(N=Nc2c(O)ccc(N=Nc3ccc(S(=O)(=O)[O-])cc3)c2O)c(C)c1,0
NC(=O)N=NC(N)=O,0
C/C=C1/C(=O)C[C@H]2[C@@H]3CCC4=CC(=O)CC[C@]4(C)[C@H]3CC[C@]12C,1
CCC(=O)c1ccc2c(c1)N(CCCN1CCN(CCO)CC1)c1ccccc1S2,0
CN(C)CCN(C)CCO,0
Cc1[nH]nc2c1N=C(c1ccccc1Cl)c1cc([N+](=O)[O-])ccc1N2,1
Cc1cccc(O)c1N,1
CCCn1cc[n+](C)c1,0
O=c1[nH]c(=O)n([C@H]2C[C@H](O)[C@@H](CO)O2)cc1F,1
CCCN1C[C@H](CSC)C[C@@H]2c3cccc4[nH]cc(c34)C[C@H]21,0
NCCc1ccc(O)cc1,0
O=CCCCC=O,1
CC(C)C(=O)OCCc1ccccc1,0
C[C@H]1C[C@H](C)C(=O)[C@H]([C@H](O)CC2CC(=O)NC(=O)C2)C1,1
COc1cc2c(cc1OC)C1CC(=O)C(CC(C)C)CN1CC2,0
C=CC(=O)OCCCCCCCCCC,0
CC(O)C#CC(C)O,0
COP(=S)(OC)Oc1ccc([N+](=O)[O-])cc1,0
Nc1ccc(Br)cc1,0
O=C1c2ccccc2C(=O)C1(O)O,1
O=C1CCCCC1C1CCCCC1,0
CC(CNC(=O)c1cccnc1)NC(=O)c1cccnc1,0
c1cc(OCC2CO2)ccc1Cc1ccc(OCC2CO2)cc1,1
O=C(O)c1ccc(O)cc1O,0
c1ccc2c(c1)OCC(CN1CCCCC1)O2,0
CCC(C)(C)C1CCC(O)CC1,0
O=C1NCN(c2ccccc2)C12CCN(CCCOc1ccc(F)cc1)CC2,0
CC(=O)OCC=Cc1ccccc1,0
O=C(O)Cc1c(Cl)ccc(Cl)c1Cl,0
OC[C@H]1O[C@@H](n2cnc3c(S)ncnc32)[C@H](O)[C@@H]1O,1
CC(C)(C)C1CCC(=O)CC1,0
COC(C=C(C)CCC=C(C)C)OC,0
CC1=NN(c2ccc(S(=O)(=O)O)cc2)C(=O)C1,0
CN[C@@H]1[C@H](O[C@H]2[C@H](O[C@@H]3[C@@H](NC(=N)N)[C@H](O)[C@@H](NC(=N)N)[C@H](O)[C@H]3O)O[C@@H](C)[C@]2(O)C=O)O[C@@H](CO)[C@H](O)[C@H]1O.CN[C@@H]1[C@H](O[C@H]2[C@H](O[C@@H]3[C@@H](NC(=N)N)[C@H](O)[C@@H](NC(=N)N)[C@H](O)[C@H]3O)O[C@@H](C)[C@]2(O)C=O)O[C@@H](CO)[C@H](O)[C@H]1O,0
C1CCC(C2CCCCC2)CC1,0
CC(C)=CCOC(=O)c1ccccc1,0
CC(=O)Nc1cc([As](=O)(O)O)ccc1O,0
CCC1OCC(COc2ccc(Oc3ccccc3)cc2)O1,0
CC1(C)CCC[C@@]2(C)[C@H]1CC[C@@]1(C)OCC[C@H]21,0
CCCC(=O)OC/C=C(\C)CCC=C(C)C,0
Cl[C@H]1OCCO[C@@H]1Cl,0
O=c1[nH]c(=O)n([C@H]2C[C@H](O)[C@@H](CO)O2)cc1/C=C/Br,0
N=C(N)c1ccccc1,0
CC(CN(C)C)CN1c2ccccc2S(=O)(=O)c2ccccc21,0
CCCN(CCc1cccs1)[C@H]1CCc2c(O)cccc2C1,0
NNC(=O)CP(=O)(c1ccccc1)c1ccccc1,0
COC(=O)CCS,0
CC(C)(N=C=O)c1cccc(C(C)(C)N=C=O)c1,0
CC1CCN(CCCC(=O)c2ccc(F)cc2)CC1,0
C=C(C)c1cccc(C(=C)C)c1,0
CCCCCCCCCCCCOC(=O)c1cc(O)c(O)c(O)c1,1
CC(=O)C=CC1=C(C)CCCC1(C)C,0
CCN(C)N=O,0
Nc1ccccc1Nc1ccccc1,0
CC(=O)Nc1ccc(C(=O)CCl)cc1,1
[O-][N+](=Nc1ccccc1)c1ccccc1,0
C1CCC2=NCCCN2CC1,0
Cc1cc(C)c(N)c(Cl)c1,0
CCC(Cl)CCl,0
CN(C)CCCNCCCN,0
C=CC(C)(C)CC(=O)OC,0
Cc1ccc(-c2ncc(Cl)cc2-c2ccc(S(C)(=O)=O)cc2)cn1,0
O=C(O)CCCC(=O)O,0
COc1cc([C@@H]2c3cc4c(cc3C(O[C@@H]3O[C@@H]5COC(c6cccs6)O[C@H]5[C@H](O)[C@H]3O)C3COC(=O)[C@@H]32)OCO4)cc(OC)c1O,1
C[C@]12C(=O)OC(=O)[C@@]1(C)C1CCC2O1,1
C[C@H]1O[C@H](O[C@@H]2[C@@H](O)[C@@H](O)[C@H](O)[C@H](O)[C@H]2O)[C@@H](N)C[C@@H]1NC(=N)C(=O)O,0
FC(F)(F)C(=NOCC1OCCO1)c1ccc(Cl)cc1,0
CNC(=O)/C=C(\C)OP(=O)(OC)OC,0
Cc1nc2ccc(CN(C)c3ccc(C(=O)N[C@@H](CCC(=O)O)C(=O)O)s3)cc2c(=O)[nH]1,1
CCNC(=O)N1CCN(CCCC(c2ccc(F)cc2)c2ccc(F)cc2)CC1,0
CCOC(=O)C1(c2ccccc2)CCN(CCC(C#N)(c2ccccc2)c2ccccc2)CC1,1
C#CC(C)(C)NC(=O)c1cc(Cl)cc(Cl)c1,0
COc1ccc2cc1Oc1cc3c(cc1OC)CC[N+](C)(C)[C@H]3Cc1ccc(cc1)Oc1c(OC)c(OC)cc3c1[C@@H](C2)[N+](C)(C)CC3,0
CC1(C)S[C@@H]2[C@H](NC(=O)C3(N)CCCCC3)C(=O)N2[C@H]1C(=O)O,0
CC(C)c1ccc(O)cc1,0
Cc1cc(C(=O)O)ccc1[N+](=O)[O-],0
CCCCCCCCCCCCCBr,0
CCCCN(N=O)C(=N)N[N+](=O)[O-],1
Cc1ccccc1N1CCN(CCc2nnc3n2CCCC3)CC1,0
N=C(N)NN,0
C=CC(=O)OCC,0
OCCC1CCCCN1,0
CCN(CC)c1ccccc1,0
COc1ccc2c(c1OC)C(=O)O[C@@H]2[C@H]1c2cc3c(cc2CCN1C)OCO3,0
CC(C)CC(=O)O,0
CCc1oc2ccccc2c1C(=O)c1cc(I)c(O)c(I)c1,1
CC(C)(C)OOC(C)(C)CCC(C)(C)OOC(C)(C)C,0
CC(C)(CO)COC(=O)C(C)(C)CO,0
O=c1oc2cc(O)ccc2c2oc3cc(O)ccc3c12,0
COC(=O)NN,0
CCOC(=O)CCc1ccccc1,0
CCn1ccnc1CC1COc2ccccc2O1,0
O=C(COc1ccc(Cl)cc1)N1CCN(Cc2ccc3c(c2)OCO3)CC1,0
CNC(=O)c1cc(Oc2ccc(NC(=O)Nc3ccc(Cl)c(C(F)(F)F)c3)cc2)ccn1,1
CCCC(C)CC,0
COc1ccc(CCNC[C@H](O)c2ccc(O)cc2)cc1OC,0
CC(C(=O)O)c1ccc(CC2CCCC2=O)cc1,0
O=C1OC(=O)c2ccccc21,0
[O-][n+]1ccccc1S[Zn]Sc1cccc[n+]1[O-],1
C/C(=N\O)c1ccc(OCC(=O)N2CCCCC2)cc1,0
COc1cc2c(cc1O)CCN[C@]21CS[C@@H]2c3c(OC(C)=O)c(C)c4c(c3[C@H](COC1=O)N1[C@@H](O)[C@@H]3Cc5cc(C)c(OC)c(O)c5[C@H]([C@H]21)N3C)OCO4,1
CCC(C)Nc1c([N+](=O)[O-])cc(C(C)(C)C)cc1[N+](=O)[O-],0
CCn1nc(Cc2ccccc2)cc1C1CCN(C[C@H]2C[C@H](N(C)[C@@H](C(=O)O)C(C)C)C[C@@H]2c2cccc(F)c2)CC1,0
COP(N)(=S)Oc1ccccc1C(=O)OC(C)C,0
C=CCOC(C)=O,0
O=c1c(=O)c2cccc3cccc1c32,1
Nc1cnn([C@@H]2O[C@H](CO)[C@@H](O)[C@H]2O)c(=O)n1,1
O=S(=O)([O-])c1ccc2ccccc2c1,0
CC(C)(O)C#N,0
Cc1ccc(C(C)(C)C)cc1,0
CC(C)(C)CC(C)(C)N,0
CN1CCN(C2=Nc3cc(F)ccc3Cc3ccccc32)CC1,0
C=CCOc1cc(Cl)ccc1C(=O)NCCN(CC)CC,0
CCCCN(CCCC)CCCOC(=O)c1ccc(N)cc1,0
CCCCCCOc1ccc(O)cc1,1
COc1ccc(N)cc1,0
Oc1ccccc1-c1ccccc1,0
CC(=O)NC1CCSC1=O,0
ClC(Cl)(Cl)C(Cl)(Cl)Cl,0
OCCN(CCO)c1nc(N2CCCCC2)c2nc(N(CCO)CCO)nc(N3CCCCC3)c2n1,1
O=C(O)c1ccco1,0
NNCCO,0
O=c1c(-c2ccc(O)cc2)coc2cc(O)cc(O)c12,1
O=[N+]([O-])c1ccccc1CCl,0
CCCCOC(=O)c1ccccc1C(=O)OCCCC,0
Nc1ccc([N+](=O)[O-])cc1[N+](=O)[O-],0
CCC1(c2cnc[nH]2)Cc2ccccc2C1,0
C=CCNC(N)=S,0
N=C(N)NN=C(C=Cc1ccc([N+](=O)[O-])o1)C=Cc1ccc([N+](=O)[O-])o1,1
O=NN(c1ccccc1)c1ccccc1,0
CCCOC(=O)c1ccc(O)cc1,0
CCC(C)(CCC(C)C)C(=O)O,0
CC1=C(/C=C/C(C)=C/C=C/C(C)=C/C(=O)Oc2c(C)c(C)c3c(c2C)CC[C@@](C)(CCC[C@H](C)CCC[C@H](C)CCCC(C)C)O3)C(C)(C)CCC1,0
c1ccc2sc(SNC3CCCCC3)nc2c1,0
OCCCC1CCCCC1,0
CCOc1cc(NC(C)=O)ccc1C(=O)OC,0
O=P(OC(CCl)CCl)(OC(CCl)CCl)OC(CCl)CCl,0
CCCCNC(=O)OCC#CI,1
CCOC(=O)CC(=O)c1ccccc1,0
COC(=O)CCC(=O)O,0
C[C@@H]1C[C@H]2[C@@H]3CCC4=CC(=O)C=C[C@]4(C)[C@@]3(F)[C@@H](O)C[C@]2(C)[C@@]1(O)C(=O)COP(=O)([O-])[O-],0
COc1ccc(/C=C/C(=O)O)cc1,0
CC(C)OC(=O)Nc1ccccc1,0
CSc1ccc(C(=O)c2[nH]c(=O)[nH]c2C)cc1,0
CC(C)Cc1ccc([C@@H](C)C(=O)NS(C)(=O)=O)cc1,0
COc1cc2c(N3CCN(C(=O)Nc4ccc(OC(C)C)cc4)CC3)ncnc2cc1OCCCN1CCCCC1,1
CC[C@H](C)[C@H](NC(=O)[C@H](Cc1ccccc1)NC(=O)[C@H](C)NC(=O)[C@H](CC(=O)O)NC(=O)[C@H](CCCCN)NC(=O)[C@H](CO)NC(=O)[C@@H]1CCCN1C(=O)[C@@H]1CCC(=O)N1)C(=O)NCC(=O)N[C@@H](CC(C)C)C(=O)N[C@@H](CCSC)C(N)=O,0
Nc1nc(F)nc2c1ncn2[C@@H]1O[C@H](CO)[C@@H](O)[C@@H]1O,1
O=C(Cl)OCc1ccccc1,0
O=C1NC2NC(=O)NC2N1,0
CN(C)C(=S)[S-].CN(C)C(=S)[S-].[Cu+2],0
NCCNC(=O)c1ccc(Cl)cn1,0
CC=CC(=O)O,0
C1=CCCC=CCC1,0
Clc1cccc(Cl)c1N=C1NCCN1,0
CN(CCOc1ccc(CC2SC(=O)NC2=O)cc1)c1ccccn1,0
C=CCCC,0
Nc1cc(Cl)c(O)c(Cl)c1,1
[O-]c1c(Cl)cc(Cl)cc1Sc1cc(Cl)cc(Cl)c1[O-],1
c1ccc(N=NNc2ccccc2)cc1,0
COC(=O)CCc1ccc(OCC(O)CNC(C)C)cc1,0
O=C([O-])COc1nn(Cc2ccccc2)c2ccccc12,0
C=C(C)C(=O)OCCNC(C)(C)C,0
CC/C=C\CCOC(=O)C(C)C,0
C[C@H]1O[C@H](O[C@@H]2[C@@H](CO)O[C@H](O[C@@H]3[C@@H](CO)O[C@@H](O)[C@H](O)[C@H]3O)[C@H](O)[C@H]2O)[C@H](O)[C@@H](O)[C@@H]1N[C@H]1C=C(CO)[C@@H](O)[C@H](O)[C@H]1O,0
CCCCCc1cccc(=O)o1,0
CC[N+]1(C)CCCC1.O=S(=O)([N-]S(=O)(=O)C(F)(F)F)C(F)(F)F,0
CC[C@H](C)[C@@H](NC(=O)[C@H](CCC(=O)O)NC(=O)[C@H](CC(C)C)NC(=O)[C@@H]1CSC([C@H](N)[C@H](C)CC)=N1)C(=O)N[C@@H]1CCCCNC(=O)[C@@H](CC(N)=O)NC(=O)[C@@H](CC(=O)O)NC(=O)[C@@H](Cc2cnc[nH]2)NC(=O)[C@@H](Cc2ccccc2)NC(=O)[C@@H]([C@H](C)CC)NC(=O)[C@@H](CCCN)NC1=O,0
C(=C/c1ccccc1)\CN1CCN(C(c2ccccc2)c2ccccc2)CC1,0
CN(C)[C@@H]1C(O)=C(C(=O)NCN2CCCC2)C(=O)[C@@]2(O)C(O)=C3C(=O)c4c(O)cccc4[C@@](C)(O)C3C[C@@H]12,0
CCO[Si](CCCNC(N)=O)(OCC)OCC,0
O=C(c1ccc(O)cc1O)c1ccc(O)cc1O,1
O=C(O)Cn1c2ccccc2c(=O)c2ccccc21,1
Cc1cccc(C)c1OCC(=O)N[C@@H](Cc1ccccc1)[C@@H](O)C[C@H](Cc1ccccc1)NC(=O)[C@H](C(C)C)N1CCCNC1=O,0
CC(O)(P(=O)(O)O)P(=O)(O)O,0
NC[C@H]1O[C@H](O[C@@H]2[C@@H](N)C[C@@H](N)[C@H](O[C@H]3O[C@H](CO)[C@@H](O)[C@H](N)[C@H]3O)[C@H]2O)[C@H](O)[C@@H](O)[C@@H]1O,0
Oc1ccc([Hg]Cl)cc1,1
CC[Hg]Sc1ccccc1C(=O)[O-],1
CO[C@@]12[C@H](COC(N)=O)C3=C(C(=O)C(C)=C(N)C3=O)N1C[C@@H]1N[C@@H]12,1
CC(C)(C)NCC(O)c1ccccc1Cl,0
O=C(c1ccc2c(c1)C(=O)OC2=O)c1ccc2c(c1)C(=O)OC2=O,0
CCCCC(C#N)(Cn1cncn1)c1ccc(Cl)cc1,0
CN(C)[C@@H]1C(O)=C(C(=O)NCN2CCCC2)C(=O)[C@@]2(O)C(O)=C3C(=O)c4c(O)cccc4[C@@](C)(O)C3C[C@@H]12,0
C1CN(P2(N3CC3)=NP(N3CC3)(N3CC3)=NP(N3CC3)(N3CC3)=N2)CCO1,1
CCCCC,0
OC[C@H]1O[C@H](O[C@@]2(CO)O[C@@H](O)[C@H](O)[C@@H]2O)[C@H](O)[C@@H](O)[C@@H]1O,0
NC(=O)c1ccc[n+]([C@@H]2O[C@H](COP(=O)([O-])OP(=O)(O)OC[C@H]3O[C@@H](n4cnc5c(N)ncnc54)[C@H](O)[C@@H]3O)[C@@H](O)[C@H]2O)c1,0
C=C(CC)C(=O)c1ccc(OCC(=O)O)c(Cl)c1Cl,1
Cc1[nH]c(=O)n(C(C)(C)C)c(=O)c1Cl,0
CC1CC(OC(=O)c2ccccc2O)CC(C)(C)C1,0
Nc1nc2ccccc2[nH]1,0
CN(C)C(=O)C(CCN1CCC(O)(c2ccc(Cl)cc2)CC1)(c1ccccc1)c1ccccc1,0
C=CCCC(=O)O,0
Cl/C=C\Cl,0
CN/C(=N\C#N)NCCSCc1nc[nH]c1C,0
COc1ccccc1NC(=O)CC(C)=O,0
CN(C)[C@@H]1C(O)=C(C(N)=O)C(=O)[C@@]2(O)C(O)=C3C(=O)c4c(O)cccc4[C@@](C)(O)[C@H]3[C@H](O)[C@@H]12,0
C=CC(=O)OCC1CC2CC1C1CCC(COC(=O)C=C)C21,1
C=CCOCC(O)CO,0
CC(C)(C)C(=O)Cl,0
NC(=O)c1cn(Cc2c(F)cccc2F)nn1,0
Nc1cc(Cl)ccc1O,1
Cc1cc(SC2=C(O)C[C@@](CCc3ccc(N)cc3)(C(C)C)OC2=O)c(C(C)(C)C)cc1CO,0
CC(O)C(=O)O.CCOc1ccc2nc3cc(N)ccc3c(N)c2c1,1
C[C@]12C=CC3=C4CCC(=O)C=C4CC[C@H]3[C@@H]1CC[C@@H]2O,0
C=CC(=O)OCCN(C)C,0
Nc1ccc(Sc2ccc(N)cc2)cc1,0
O=C(O)c1ccc2cc(C(=O)O)ccc2c1,0
OC[C@H]1OC(O)[C@H](O)[C@@H](O)[C@H]1O,0
CC[C@]1(O)C[C@@H]2CN(CCc3c([nH]c4ccccc34)[C@@](C(=O)OC)(c3cc4c(cc3OC)N(C)[C@H]3[C@@](O)(C(=O)OC)[C@H](OC(C)=O)[C@]5(CC)C=CCN6CC[C@]43[C@@H]65)C2)C1,1
NCCNCCNCCN,0
COC(=O)c1ccc(C)cc1C1=NC(=O)C(C)(C(C)C)N1,0
O=C(OCC1CO1)C1CCCCC1C(=O)OCC1CO1,1
CC(=O)O[C@@H]1C(=O)O[C@H]2[C@@H](OC(C)=O)C(=O)O[C@@H]12,0
Brc1c(NC2=NCCN2)ccc2nccnc12,0
CCOP(=S)(OCC)SCSCC,0
CC[Sn](Br)(CC)CC,1
CCOP(=S)(CC)Sc1ccccc1,0
CN1CCc2cccc3c2[C@H]1Cc1ccc(O)c(O)c1-3,0
CCCCCCC1CCCC(=O)O1,0
CCCCCCCCCC(CC)c1ccc(S(=O)(=O)O)cc1.OCCN(CCO)CCO,0
OCCOCCN1CCN(C2=Nc3ccccc3Sc3ccccc32)CC1,0
CN[C@H]1[C@@H](O)[C@@H](NC)[C@H](O)[C@H]2O[C@@H]3O[C@H](C)CC(=O)[C@]3(O)O[C@H]12,0
CNC(=O)Oc1ccc(N(C)C)c(C)c1,0
OCCN1C[C@H](O)[C@@H](O)[C@H](O)[C@H]1CO,0
COc1ccc(/C=N\NC(=O)c2ccncc2)c(C(=O)O)c1OC,0
CC(=O)NC(CCC(N)=O)C(=O)O,0
O=S(=O)(O)c1cc(I)c(O)c2ncccc12,0
c1ccc2c(c1)cc1ccc3cccc4ccc2c1c34,1
C[C@H](CN1CCOCC1)C(C(=O)N1CCCC1)(c1ccccc1)c1ccccc1,0
CCc1cccc(C)c1N(C(=O)CCl)[C@@H](C)COC,0
CCCCCCCCNC,0
COc1cccc2c1cc([N+](=O)[O-])c1c(C(=O)[O-])cc3c(c12)OCO3,1
CCOC(=O)N1CCC(=C2c3ccc(Cl)cc3CCc3cccnc32)CC1,1
Cc1cc(C(C#N)c2ccc(Cl)cc2)c(Cl)cc1NC(=O)c1cc(I)cc(I)c1O,1
C[C@H]1C[C@H]2[C@@H]3CCC4=CC(=O)C=C[C@]4(C)[C@@]3(Cl)[C@@H](O)C[C@]2(C)[C@@]1(O)C(=O)CO,0
COc1ccc(C(=O)N2CCN(CC(=O)N3CCOCC3)CC2)cc1,0
O=C(O)CP(=O)(O)O,0
OCc1ccccc1O,0
CN(C)CCCN1c2ccccc2Sc2ccccc21,0
c1ccc2c(CCC3CCNCC3)c[nH]c2c1,0
CCCCCC1CCC(=O)O1,0
Cc1ncc([N+](=O)[O-])n1CCO,0
CCOP(=O)(CC)OCC,0
CCCCCCCCCC(=O)NO,1
COCCOC(=O)C1=C(C)NC(C)=C(C(=O)OC(C)C)C1c1cccc([N+](=O)[O-])c1,0
O=P(O)(OCc1ccccc1)OCc1ccccc1,0
CC(C)(c1cc(Br)c(OCCO)c(Br)c1)c1cc(Br)c(OCCO)c(Br)c1,1
CC[C@H]1CC[C@H](NCc2cc3c(cc2OC)[C@H]2C[C@H]2C(=O)N3C)[C@H](c2ccccc2)N1,1
N#C[C@@H]1C[C@@H]2C[C@@H]2N1C(=O)[C@@H](N)C12CC3CC(CC(O)(C3)C1)C2,0
C[C@]12CC[C@@H]3c4ccc(OC(=O)N(CCCl)CCCl)cc4CC[C@H]3[C@@H]1CC[C@@H]2OP(=O)(O)O,1
CCOC(=O)C1OC1c1ccccc1,0
CCCCC/C=C\C/C=C\CCCCCCCC(=O)NC(C)c1ccccc1,0
Cc1nc([N+](=O)[O-])cn1-c1ccc([N+](=O)[O-])cc1,0
CCN(CC)C(=S)[S-],0
CC(=O)CC(c1ccccc1)c1c(O)c2ccccc2oc1=O,0
CC(C)C(=O)OCCOc1ccccc1,0
CCO[Si](C)(CCCOCC1CO1)OCC,0
N#CC1(O)CCCCC1,0
NCCOCCO,0
CCN1CCCC(OC(=O)C(c2ccccc2)c2ccccc2)C1,0
CCC1(C2=NCCN2)Cc2ccccc2O1,1
Cc1cc(/C=C/c2ccc3cc(N(C)C)ccc3[n+]2C)c(C)n1-c1ccccc1.Cc1cc(/C=C/c2ccc3cc(N(C)C)ccc3[n+]2C)c(C)n1-c1ccccc1.O=C([O-])c1cc2ccccc2c(Cc2c(O)c(C(=O)[O-])cc3ccccc23)c1O,1
CCCCC(CC)COC(=O)Cl,0
CCN(CC)CCNC(=O)COc1ccc(OC)cc1,0
NCC1(CC(=O)O)CCCCC1,0
CC(Cl)(Cl)C(=O)O,0
C=C1C(=O)O[C@H]2[C@H]1CCC(C)=CCC[C@@]1(C)O[C@@H]21,1
Cc1cc(-c2ccc(N=Nc3c(S(=O)(=O)[O-])cc4cc(S(=O)(=O)[O-])cc(N)c4c3O)c(C)c2)ccc1N=Nc1c(S(=O)(=O)[O-])cc2cc(S(=O)(=O)[O-])cc(N)c2c1O,0
OCCSSCCO,0
O=CC(=O)c1ccccc1,0
COc1cccc2c1C(=O)c1c(O)c3c(c(O)c1C2=O)C[C@@](O)(C(=O)CO)C[C@@H]3O[C@H]1C[C@H](N)[C@H](O)[C@H](C)O1,1
Nc1ccn([C@@H]2O[C@H](CO)[C@@H](O)[C@@H]2O)c(=O)n1,1
C=CCCCCCCCCCCC,0
CCOC(=O)c1ccc(NC(=O)CN2CCCCC2)cc1,0
CC(=O)/C=C/C1C(C)=CCCC1(C)C,0
C[Si](C)(C)O[Si](C)(C)O[Si](C)(C)C,0
COc1cc2c(cc1OC)[C@@H](c1ccccc1)CN(C)CC2,0
CCOC(=O)OC1=C(c2cc(C)ccc2C)C(=O)NC12CCC(OC)CC2,1
CC(=O)C(C)C,0
Nc1ccc2cc3ccc(N)cc3nc2c1,1
C[C@@H](O)[C@H]1C(=O)N2C(C(=O)O)=C([C@H]3CCCO3)S[C@H]12,0
C=C(C)C(=O)OCCCCOC(=O)C(=C)C,0
N=C(N)NC(=N)NCCc1ccccc1,0
c1ccc(CN2CCNCC2)cc1,0
CCOc1ccc2c(c1)C(C)=CC(C)(C)N2,0
Nc1c(Br)cc(Br)c2c1C(=O)c1ccccc1C2=O,0
Cc1cccc(N(C)C(=S)Oc2ccc3ccccc3c2)c1,0
Nc1ccc(-c2ccccc2)cc1,0
CO[C@H]1[C@H]([C@]2(C)O[C@@H]2CC=C(C)C)[C@]2(CC[C@H]1OC(=O)NC(=O)CCl)CO2,1
CC(=O)c1cccnc1,0
O=CCc1ccccc1,0
C=CCCCC,0
O=C/C(Cl)=C(/Cl)C(=O)O,1
CCCCOCCOCCOCCO,0
COc1ccc(N)cc1N,1
CN(C)CCCN1c2ccccc2C(C)(C)c2ccccc21,0
CC(=O)Nc1ccc(OCCOCCOc2ccc(NC(C)=O)cc2)cc1,0
O=C(CS(=O)Cc1ccco1)NC/C=C\COc1cc(CN2CCCCC2)ccn1,0
C[C@]12CC[C@@H]3c4ccc(O)cc4CC[C@H]3[C@@H]1CC[C@H]2O,1
O=[N+]([O-])C(CO)(CO)CO,0
CCC(=O)OC(C)(C)C1CC=C(C)CC1,0
Oc1cccc(Cl)c1,0
CCCCC[C@H](O)/C=C/[C@H]1[C@H](O)CC(=O)[C@@H]1C/C=C\CCCC(=O)O,0
COC(=O)CC(C)CCC=C(C)C,0
Cl[Nd](Cl)Cl,0
O=c1cc[nH]c(=S)[nH]1,0
Clc1ccccc1-c1nnc(-c2ccccc2Cl)nn1,0
O=C([O-])Cc1ccccc1Nc1c(Cl)cccc1Cl,1
C[C@]12CC[C@H]3[C@@H](CC[C@@]45O[C@@H]4C(O)=C(C#N)C[C@]35C)[C@@H]1CC[C@@H]2O,1
CCCOCCO,0
CCCCCCCOC(=O)c1ccc(O)cc1,0
c1ccc2c(c1)c1cccc3ccc4cccc2c4c31,1
Cc1cnc(C)c(C)n1,0
CCC(C)(C)C(=O)OC1=C(c2cc(Cl)cc(Cl)c2)C(=O)OC12CCCCC2,1
CCCSC(=O)N(CCC)CCC,0
C=CN1CCCCCC1=O,0
COc1ccccc1O,0
CC1=C(CC=O)C(C)(C)CCC1,0
CN(C)C(=O)Nc1ccc(Oc2ccc(Cl)cc2)cc1,0
ClCCCCl,0
C[C@@H](C1=C(CCN(C)C)Cc2ccccc21)c1ccccn1,0
CNC(=O)[C@H]1O[C@@H](n2cnc3c(NCc4cc(Cl)ccc4OCc4cc(C)no4)ncnc32)[C@H](O)[C@@H]1N,0
CC(C)CCCCCCN,0
CCCCCCCCO[C@@H]1O[C@H](CO)[C@@H](O)[C@H](O)[C@H]1O,0
CC/N=c1/cc2oc3cc(NCC)c(C)cc3c(-c3ccccc3C(=O)OCC)c-2cc1C,1
COc1ccc(C2NC(=S)N3C(c4ccc(OC)c(OC)c4)NC(=S)N23)cc1OC,0
CCOC(CN1CCN(CC(C)C(=O)c2ccccc2)CC1)c1ccccc1,0
O=C(O)C1CCCN1,0
O=[N+]([O-])/C=C/c1ccccc1,1
CC(Cc1ccccc1)(NC(=O)CN)c1ccccc1,0
O=C1c2cccc(O)c2C(=O)c2c(O)cccc21,0
CCC(=O)N(c1ccccc1)C1CCN(CCc2ccccc2)CC1,0
O=C(c1ccc(O)cc1)c1ccc(O)c(O)c1O,0
CC[C@@]1(O)C(=O)OCc2c1cc1n(c2=O)Cc2cc3c(CN(C)C)c(O)ccc3nc2-1,1
CCCCOC(=O)CC(CC(=O)OCCCC)(OC(C)=O)C(=O)OCCCC,0
CCc1cc(S(=O)(=O)[O-])c2cc(C(C)C)cccc1-2,0
Clc1cc(Cl)c(-c2cc(Cl)c(Cl)cc2Cl)cc1Cl,0
NC(=O)CN1CCCC1=O,0
CNC(=N)NC(=O)Nc1c(C)cccc1C,0
C[Sn](C)(Cl)Cl,0
Cc1cccc(Cc2c[nH]cn2)c1C,0
CCNC(C)Cc1cccc(C(F)(F)F)c1,0
CCOCCC(=O)OCC,0
CCCSc1cc(OC)c(CCN)cc1OC,1
O=C(Cl)c1c(Cl)c(Cl)c(C(=O)Cl)c(Cl)c1Cl,0
CCC(C)(C)CC,0
CCCCC1(COC(=O)CCC(=O)O)C(=O)N(c2ccccc2)N(c2ccccc2)C1=O,0
OCCN(CCO)c1cccc(Cl)c1,0
CC(C)N(CCO)C(C)C,0
O=C(Nc1ccc(S(=O)(=O)N2CCOCC2)cc1)c1cc(Cl)ccc1NS(=O)(=O)c1ccc(Cl)s1,1
CCN(CC)CC(=O)Nc1c(C)cccc1C,0
CCn1c2ccccc2c2cc([N+](=O)[O-])ccc21,1
NCCNc1cccc2ccccc12,1
CCC(C)n1c(=O)[nH]c(C)c(Br)c1=O,0
Nc1ccc(S(=O)(=O)[N-]c2ncccn2)cc1.[Ag+],0
ClC1=C(Cl)[C@]2(Cl)[C@H]3[C@H]([C@H]4C=C[C@H]3C4)[C@@]1(Cl)C2(Cl)Cl,0
COc1ccccc1N1CCN(CCCC(=O)c2ccc(F)cc2)CC1,0
O=[N+]([O-])c1ccc(Oc2ccc([N+](=O)[O-])cc2)cc1,0
CCCc1ccccc1,0
CC(C)(c1cc(Br)c(O)c(Br)c1)c1cc(Br)c(O)c(Br)c1,1
Cc1ccc(C)cc1,0
O=CNNC=O,0
COP(=O)(OC)OC=C(Cl)Cl,0
CC(C)Oc1ccc2c(=O)c(-c3ccccc3)coc2c1,0
O=Cc1cccc(Br)c1,0
CCOC(=O)OCC/C(SC(=O)OCC)=C(\C)N(C=O)Cc1cnc(C)nc1N,0
CCOC(=O)c1ccc(N(C)C)cc1,0
CCCC[N+](CCCC)(CCCC)CCCC,0
NCCC[C@H](N)C(=O)O,0
Cc1cc(=O)oc2cc(N(C)C)ccc12,1
Cc1nc(N)nc(N)n1,0
O=C1O[C@@H]2[C@@H](O)[C@H](O)O[C@@H]2[C@H]1O,0
OCC(CO)N[C@H]1C[C@](O)(CO)[C@@H](O)[C@H](O)[C@H]1O,0
NC(=O)[C@H]1O[C@@H](O)[C@H](O)[C@@H](O)[C@@H]1O,0
C[C@]12CC[C@@H]3c4ccc(O)cc4CC[C@H]3[C@@H]1CC[C@@H]2O,1
CCCCc1ccc(C(=O)O)nc1,0
CCCCNC(=O)NS(=O)(=O)c1ccc(C)cc1,0
O=[PH](Oc1ccccc1)Oc1ccccc1,0
Nc1nc[nH]n1,0
CCCCCCCC/C=C\CCCCCCCC(=O)OC(CO)CO,0
CCO/C=C1\N=C(c2ccccc2)OC1=O,0
COCCOCCOCCOC,0
CCc1ccc(Br)cc1,0
CCn1nc(C)c2c1C(=O)NCC(c1ccc(O)cc1)=N2,0
Nc1c(Cl)cc([N+](=O)[O-])cc1Cl,0
Oc1c(I)cc(I)c2cccnc12,1
OCC(CO)n1cnc(-c2ccc(F)cc2)c1-c1ccnc(Oc2ccccc2)n1,0
Nc1ccc2cc3ccc(N)cc3nc2c1.Nc1ccc2cc3ccc(N)cc3nc2c1,1
CC(=O)Oc1cc(C(C)C)c(OCCN(C)C)cc1C,0
S=C(Nc1ccccc1)Nc1ccccc1,0
CCCCCCCC/C=C/CCCOC(C)=O,0
CCCCc1cc2ccccc2c(OCCN(C)C)n1,0
CCCCCCCCCOC(=O)c1ccccc1C(=O)OCCCCCCCCC,0
Cc1ccc2c(ccc3ccccc32)c1,0
C[C@H](CCC(=O)O)[C@H]1CC[C@H]2[C@@H]3C(=O)C[C@@H]4CC(=O)CC[C@]4(C)[C@H]3CC(=O)[C@@]21C,0
c1cc(OCC2CO2)cc(OCC2CO2)c1,1
CC(=O)OCC(=O)[C@@]12OC3(CCCC3)O[C@@H]1C[C@H]1[C@@H]3CCC4=CC(=O)C=C[C@]4(C)[C@@]3(F)[C@@H](O)C[C@@]12C,0
Cc1c(Cl)cccc1Nc1ccccc1C(=O)O,1
CC(C)NCC(O)c1ccc(NS(C)(=O)=O)cc1,0
CC(C)(C)c1ccc(OCC2CO2)cc1,0
Cc1cccc(C(=O)O)c1O,0
O=C(NC(=O)c1c(F)cccc1F)Nc1ccc(Cl)c(Oc2ncc(C(F)(F)F)cc2Cl)c1,1
Nc1ccccc1C(=O)OCCc1ccccc1,0
Cc1ccc2c(c1)CCCN2,0
Nc1nc2ccc(OC(F)(F)F)cc2s1,1
CC1(C)[C@@H](O[C@H]2O[C@H](C(=O)O)[C@@H](O)[C@H](O)[C@H]2O[C@@H]2O[C@H](C(=O)[O-])[C@@H](O)[C@H](O)[C@H]2O)CC[C@@]2(C)[C@H]1CC[C@]1(C)[C@@H]2C(=O)C=C2[C@@H]3C[C@@](C)(C(=O)O)CC[C@]3(C)CC[C@]21C,0
O=S(=O)(Oc1ccc(Cl)cc1Cl)c1ccccc1,0
O=C(O)Cc1ccc(CCNS(=O)(=O)c2ccc(Cl)cc2)cc1,0
CCN[C@@H](C)Cc1ccccc1,0
CN[C@@H](C)Cc1ccccc1,0
CCCCNC(=O)NS(=O)(=O)c1ccc(N)cc1,0
C=CCc1ccc(OC)c(OC)c1,0
COc1ccc(S(=O)(=O)N2c3ccc(Cl)cc3[C@@](O)(c3ccccc3Cl)[C@H]2C(=O)N2CCC[C@@H]2C(N)=O)cc1OC,0
CN(C)CCCN1c2ccccc2CCc2ccc(Cl)cc21,0
Cn1cnc2c1c(=O)[nH]c(=O)n2C,0
N#Cc1cc(Br)c(O)c(Br)c1,1
NS(=O)(=O)C(F)(F)C(F)(F)C(F)(F)C(F)(F)C(F)(F)C(F)(F)C(F)(F)C(F)(F)F,1
CC(C)C[C@H](NC(=O)[C@@H](COC(C)(C)C)NC(=O)[C@H](Cc1ccc(O)cc1)NC(=O)[C@H](CO)NC(=O)[C@H](Cc1c[nH]c2ccccc12)NC(=O)[C@H](Cc1c[nH]cn1)NC(=O)[C@@H]1CCC(=O)N1)C(=O)N[C@@H](CCCNC(=N)N)C(=O)N1CCC[C@H]1C(=O)NNC(N)=O,0
CC(C)N(C)C,0
C/C(=C\C(=O)OCCCCCCCCC(=O)O)C[C@@H]1OC[C@H](C[C@@H]2O[C@H]2[C@@H](C)[C@H](C)O)[C@@H](O)[C@H]1O,0
O=C(O)CCCCCCNC1c2ccccc2CCc2ccccc21,0
COC(C)CCO,0
[Cr+3],0
CC(N)C(=O)OC(C)(C)Cc1ccc(Cl)cc1,0
C=CCCCCCC,0
CCCCCCCCCCCCCCCC(=O)O[C@@H]1CC(C)=C(/C=C/C(C)=C/C=C/C(C)=C/C=C\C=C(C)\C=C\C=C(C)\C=C\C2=C(C)C[C@@H](OC(=O)CCCCCCCCCCCCCCC)CC2(C)C)C(C)(C)C1,0
CC(C)[C@H]1CC[C@H](C)C[C@@H]1O,0
C[N+](C)(C)Cc1ccccc1,0
CCCCCCCCCCCCCCCCC(=O)O,0
CCCCOC(=O)c1ccccc1N,0
C=CCN1CCCC1CNC(=O)c1cc(S(N)(=O)=O)cc(OC)c1OC,0
O=Cc1ccc([N+](=O)[O-])cc1,0
OC[C@H]1O[C@@H]2O[C@@H]3[C@@H](CO)O[C@H](O[C@@H]4[C@@H](CO)O[C@H](O[C@@H]5[C@@H](CO)O[C@H](O[C@@H]6[C@@H](CO)O[C@H](O[C@@H]7[C@@H](CO)O[C@H](O[C@@H]8[C@@H](CO)O[C@H](O[C@@H]9[C@@H](CO)O[C@H](O[C@H]1[C@H](O)[C@H]2O)[C@H](O)[C@H]9O)[C@H](O)[C@H]8O)[C@H](O)[C@H]7O)[C@H](O)[C@H]6O)[C@H](O)[C@H]5O)[C@H](O)[C@H]4O)[C@H](O)[C@H]3O,0
O=C(C=Cc1ccc(O)c(O)c1)O[C@@H]1C[C@](O)(C(=O)O)C[C@@H](O)[C@H]1O,0
CC1CCCC(C)N1NC(=O)c1ccc(Cl)c(S(N)(=O)=O)c1,0
CCOC(=O)C1=C(COCCN)NC(C)=C(C(=O)OC)C1c1ccccc1Cl.O=S(=O)(O)c1ccccc1,1
CCc1cccc(C)c1,0
CCCCOP(=O)(OCCCC)OCCCC,0
COC(COC(N)=O)C1=C(N2CC2)C(=O)C(C)=C(N2CC2)C1=O,1
CC1COc2ccccc2N1C(=O)C(Cl)Cl,1
CCOC(=O)C(Cl)Cc1cc(-n2nc(C)n(C(F)F)c2=O)c(F)cc1Cl,0
CCCCc1ccc2[nH]c(NC(=O)OC)nc2c1,1
C=CCOC(=O)CCCCCCCC,0
CCCCCCOC(=O)CC,0
CCC[N+]1(C)CCCC1,0
O=C(Cl)c1cccc([N+](=O)[O-])c1,0
C[C@H]1N=C(N)O[C@H]1c1ccccc1,0
O=C1[N-]S(=O)(=O)c2ccccc21,0
O=[N+]([O-])c1ccccc1CCO,0
COc1ccc(CNCC(O)COc2ccc3[nH]c(=O)ccc3c2)cc1OC,0
CC(=O)CC(=O)c1ccccc1,0
CCCCCCCCCCCCCCCC(=O)NCCO,0
Cc1ccccc1-n1c(CF)nc2ccc(N)cc2c1=O,0
COc1c(Cl)ccc(Cl)c1C(=O)O,0
CC[C@@H](C(=O)[C@@H](C)[C@@H](O)[C@H](C)[C@@H]1O[C@@H]([C@@H](CC)C(=O)O)[C@@H](C)C[C@@H]1C)[C@H]1O[C@]2(C=C[C@@H](O)[C@]3(CC[C@@](C)([C@H]4CC[C@](O)(CC)[C@H](C)O4)O3)O2)[C@H](C)C[C@@H]1C,1
CC(C)COC(=O)C(C)C,0
COS(=O)(=O)OC,0
O=[N+]([O-])c1ccc(CCO)cc1,0
NC(=S)NNC(N)=S,0
OCCc1ccccn1,0
O=C1NC(=O)C(c2ccccc2)(c2ccccc2)N1,0
CC(=O)CC(=O)Nc1ccc2[nH]c(=O)[nH]c2c1,0
CC(=O)CCC(C)=O,0
CNC(=O)ON=CC(C)(C)SC,0
C[C@H](CCC(=O)[O-])[C@H]1CC[C@H]2[C@H]3[C@H](C[C@H](O)[C@@]21C)[C@@]1(C)CC[C@@H](O)C[C@H]1C[C@H]3O,0
NC(CO)(CO)CO,0
Nc1c2c(nc3c1CCC3)CCCC2,0
CCCc1c(OCCCCc2nnn[nH]2)ccc(C(C)=O)c1O,1
C=CCc1ccc(O)c(OC)c1,0
CN(C)CCCN1c2ccccc2Sc2ccc(Cl)cc21,1
CN(C(=O)c1c(O)c2ccccc2n(C)c1=O)c1ccccc1,0
O=C1CCCCCCCCCCC1,0
Nc1ccccc1C(=O)Oc1ccc2ccccc2c1,0
CN(C)C(=O)Nc1ccc(Cl)c(Cl)c1,0
C#Cc1cccc(Nc2ncnc3cc(OCCOC)c(OCCOC)cc23)c1,0
COc1cc(-c2ccc(=O)[nH]n2)ccc1OC(F)F,0
Nc1ccc(-c2ccc(N)cc2)cc1,0
CCCCCCC#CC(=O)OC,0
CC(C)CCCCCOC(=O)CCCCC(=O)OCCCCCC(C)C,0
O=[N+]([O-])c1c(Cl)cc(Cl)cc1Cl,0
COC(=O)C1=C(C)NC(COC(N)=O)=C(C(=O)OC(C)C)C1c1cccc(Cl)c1Cl,1
Oc1ccc(OCc2ccccc2)cc1,1
C[Si](Cl)(c1ccccc1)c1ccccc1,0
CC(C)CCCC(C)(C)O,0
CN(C)CC/C=C1/c2ccccc2CSc2ccccc21,1
O=C1Nc2ccccc2C1(c1ccc(O)cc1)c1ccc(O)cc1,1
N#CSCc1ccccc1,1
CCN(CC)CCOc1ccc2nc(N(C)C)sc2c1,0
OCCC(F)(F)C(F)(F)C(F)(F)C(F)(F)C(F)(F)C(F)(F)C(F)(F)C(F)(F)F,0
CCCCC(CC)COC(=O)COc1ccc(Cl)cc1Cl,0
CC(N)CN,0
CCOC(=O)c1ccc(OC(=O)CCCCCNC(=N)N)cc1,0
c1cc2ccc3ccc4ccc5cccc6c(c1)c2c3c4c56,1
Oc1cccc2cccnc12,1
CN(CCOc1ccc(NS(C)(=O)=O)cc1)CCc1ccc(NS(C)(=O)=O)cc1,0
CC(O)(c1ccc(Cl)cc1)c1ccc(Cl)cc1,0
CC(=O)C(Cl)C(=O)N(C)C,0
CNc1ncnc2[nH]cnc12,0
O=C(O)c1cc(/N=N/c2ccc(S(=O)(=O)Nc3ccccn3)cc2)ccc1O,0
Cc1c(N)cccc1[N+](=O)[O-],0
CN(Cc1cnc2nc(N)nc(N)c2n1)c1ccc(C(=O)N[C@@H](CCC(=O)O)C(=O)O)cc1,1
CC(=O)O[C@H]1C[C@H](O[C@H]2[C@@H](O)C[C@H](O[C@H]3[C@@H](O)C[C@H](OC4CC[C@]5(C)[C@H]6CC[C@]7(C)[C@@H](C8=CC(=O)OC8)CC[C@]7(O)[C@@H]6CC[C@@H]5C4)O[C@@H]3C)O[C@@H]2C)O[C@H](C)[C@H]1O[C@@H]1O[C@H](CO)[C@@H](O)[C@H](O)[C@H]1O,1
CC(C)(O)c1ccccc1,0
CCCN(CCC)CCc1c[nH]c2ccccc12,0
CO[C@@]1(NC(=O)CSCC#N)C(=O)N2C(C(=O)[O-])=C(CSc3nnnn3C)CS[C@@H]21,0
NC1CCCCC1N,0
CC(C)CN(C[C@@H](OP(=O)([O-])[O-])[C@H](Cc1ccccc1)NC(=O)O[C@H]1CCOC1)S(=O)(=O)c1ccc(N)cc1,0
CCCCCCCCC(=O)OCC,0
CCCCC(CC)COC(=O)c1ccc(C(=O)OCC(CC)CCCC)c(C(=O)OCC(CC)CCCC)c1,0
CN1C(=O)C(C)(C2=CCCCC2)C(=O)N=C1O,0
CC(C)(c1cc(Br)c(OCC(Br)CBr)c(Br)c1)c1cc(Br)c(OCC(Br)CBr)c(Br)c1,0
CCCC1COC(Cn2cncn2)(c2ccc(Cl)cc2Cl)O1,0
COC(=O)c1ccc(OC)cc1,0
Nc1ccc(O)c(N)c1,0
C[C@]12CC[C@H]3[C@@H](C=CC4=CC(=O)CC[C@@]43C)[C@@H]1CC[C@@]2(O)CCC(=O)[O-],0
O=C(O)CNC(=O)CNC(=O)CNC(=O)CSC(=O)c1ccccc1,0
CC[C@@H](O)C(C[C@@H](C)N(C)C)(c1ccccc1)c1ccccc1,0
BrCC(Br)(Br)Br,1
CCC(C)OC(=O)N1CCCCC1CCO,0
CC(C)c1cccc(C(C)C)c1N,0
COC(=O)C1=CCCN(C)C1,0
CCc1ccc2c(c1)C(=O)c1ccccc1C2=O,0
CN(C)CCc1c[nH]c2cccc(OP(=O)(O)O)c12,0
ONc1ccccc1,0
O=C1c2ccccc2-c2n[nH]c3cccc1c23,1
C/C=C(C(=C/C)/c1ccc(O)cc1)\c1ccc(O)cc1,1
C#CCO,0
Cc1ccc(C(C)C)c(O)c1,0
O=Cc1ccccc1,0
CC1(C)[C@@H]2CC[C@@]1(C)[C@H](O)C2,0
CCNC(=S)NCC,0
COc1cc(/C=C/C(=O)O[C@H]2CC[C@]34C[C@]35CC[C@]3(C)[C@@H]([C@H](C)CCC=C(C)C)CC[C@@]3(C)[C@@H]5CC[C@H]4C2(C)C)ccc1O,1
O=C1c2ccccc2C(=O)c2ccccc21,0
O=NN1CCCCCCC1,0
COc1cc(OC)c2ccc(=O)oc2c1,0
Cc1occc1C(=O)Nc1ccc(C(=O)N2CCC(F)(F)/C(=C\C(=O)N3CCC(N4CCCCC4)CC3)c3ccccc32)cc1.Cc1occc1C(=O)Nc1ccc(C(=O)N2CCC(F)(F)/C(=C\C(=O)N3CCC(N4CCCCC4)CC3)c3ccccc32)cc1,0
COC(=O)C(Cl)C(=O)OC,0
CCCCCCc1ccc(-c2ccc(C#N)cc2)cc1,0
COc1c(Br)cc(Br)c(C)c1Br,0
O=C1N(c2ccccc2)c2ccccc2C1(Cc1ccncc1)Cc1ccncc1,0
O=C(O)c1ccccc1Nc1cccc(C(F)(F)F)c1,1
CC1(C)O[C@@H]2C[C@H]3[C@@H]4CCC5=CC(=O)C=C[C@]5(C)[C@H]4[C@@H](O)C[C@]3(C)[C@]2(C(=O)CO)O1,0
CCNC(=O)/C=C/c1cccc(Br)c1,0
CCOC(=O)C=Cc1ccccc1,0
CC(C)C(O)C(C)(C)CO,0
Cc1nc(C)nc(N2C[C@H](C)N(c3ccnc([C@@H](C)O)n3)[C@H](C)C2)n1,0
COc1cc(N)ccc1C,0
OCC1CO1,0
COCCCC/C(=N\OCCN)c1ccc(C(F)(F)F)cc1,0
CCOC(=O)c1nc(C(Cl)(Cl)Cl)n(-c2ccc(Cl)cc2Cl)n1,1
CCCCCCNCCCCCC,0
CC(C)(C)NC[C@H](O)c1ccc(O)cc1Cl,0
O=S1(=O)CC=CC1,0
O=C(O)c1snc(Cl)c1Cl,0
NC(=O)c1ccccc1C(N)=O,0
O=S(=O)(O)O,0
N=C1NC(=N)c2cc3ccccc3cc21,1
Cc1ccc(O)cc1,0
CCc1ccc(C(c2ccc(CC)cc2)C(Cl)Cl)cc1,0
Cc1cc(C(C)(C)c2ccc(O)c(C)c2)ccc1O,1
C/C(=N\Cc1ccccc1)c1ccccc1O,0
CC(=O)[C@H]1CC[C@H]2[C@@H]3C=CC4=CC(=O)CC[C@@]4(C)[C@@H]3CC[C@]12C,0
C=CCC1([C@H](C)CCC)C(=O)NC(=O)NC1=O,0
Cc1cc(=O)[nH]c(=S)[nH]1,0
Cc1ccccc1CNc1ncnc2c1ncn2[C@@H]1O[C@H](CO)[C@@H](O)[C@H]1O,0
CC(C)COP(=O)(OCC(C)C)OCC(C)C,0
CO/N=C(\C(=O)N[C@@H]1C(=O)N2C(C(=O)[O-])=C(CSc3nc(=O)c([O-])nn3C)CS[C@H]12)c1csc(N)n1,0
CCN[C@H]1CN(CCCOC)S(=O)(=O)c2sc(S(N)(=O)=O)cc21,0
CC(C)(C)C(=O)O,0
COc1cc2c(cc1OC)[C@@]13CCN4CC5=CCO[C@H]6CC(=O)N2[C@H]1[C@H]6[C@H]5C[C@H]43,0
CC(=O)O[C@H]1C[C@H](O[C@H]2[C@@H](O)C[C@H](O[C@H]3[C@@H](O)C[C@H](O[C@H]4CC[C@]5(C)[C@H]6C[C@@H](O)[C@]7(C)[C@@H](C8=CC(=O)OC8)CC[C@]7(O)[C@@H]6CC[C@@H]5C4)O[C@@H]3C)O[C@@H]2C)O[C@H](C)[C@H]1O[C@@H]1O[C@H](CO)[C@@H](O)[C@H](O)[C@H]1O,1
Clc1ccccn1,0
CC1COC(=O)O1,0
CCCCCCCCCOS(=O)(=O)[O-],0
C=C[C@]1(C)C[C@@H](OC(=O)CSC(C)(C)CNC(=O)[C@H](N)C(C)C)[C@]2(C)[C@H](C)CC[C@]3(CCC(=O)[C@H]32)[C@@H](C)[C@@H]1O,0
O=C(N[C@H](c1ccccc1)[C@@H]1CN2CCC1CC2)c1c(Cl)ccc(C(F)(F)F)c1Cl,0
CC1=CC[C@@]23CC1C(C)(C)[C@@H]2CC[C@H]3C,0
O=C(O)CCCCCCC(=O)O,0
CCOc1ccc(S(=O)(=O)O)c2cccnc12,0
O=C1c2ccccc2C(=O)C1c1ccc(Cl)cc1,0
CCCCOC(=O)[C@@H](C)Oc1ccc(Oc2ccc(C(F)(F)F)cn2)cc1,0
CN(C)CCCOc1nn(Cc2ccccc2)c2ccccc12,0
Oc1cccc(O)c1,0
COC(=O)C[C@](O)(CCCC(C)(C)O)C(=O)O[C@@H]1C(OC)=CC23CCCN2CCc2cc4c(cc2[C@H]13)OCO4,1
Cc1nc(C)c(C)nc1C,0
Cc1nc2ccccc2s1,0
CCCCc1ccc2cccc(S(=O)(=O)[O-])c2c1,0
CCCCCOC(=O)CCCCC,0
CC[N+](CC)(CC)CCC(O)(c1ccccc1)C1CCCCC1,0
CCOC(=O)CS,1
O=C(O)Cc1cc(I)c(Oc2ccc(O)c(I)c2)c(I)c1,1
CCC(CO)(CO)COCC(CC)(CO)CO,0
CP(=O)([O-])OCCC[Si](O)(O)O,0
CN(C)CCc1c[nH]c2ccccc12,0
O=[N+]([O-])c1ccccc1-c1ccccc1,0
O=C([O-])COc1ccc(Cl)cc1Cl,0
Clc1ccc2c(c1)CCc1cccnc1C2=C1CCNCC1,0
CNC(=C[N+](=O)[O-])NCCSCc1csc(CN(C)C)n1,0
OCCCCCCCCCCCCBr,1
C=CC(=O)OCCOc1ccccc1,1
O=C(CCl)c1ccc(Cl)cc1Cl,1
COC(=O)CCSCCC(=O)OC,0
C[C@](N)(Cc1ccc(O)c(O)c1)C(=O)O,0
O=C(c1ccc(O)cc1)c1ccc(Cl)cc1,0
Cc1cc2nc3ccc(N(C)C)cc3[s+]c2cc1N,1
O=C1CCC(c2ccc(-n3ccnc3)cc2)=NN1,0
O=C(O)COCC(=O)O,0
CC1=C(C(=O)Nc2ccccc2)S(=O)(=O)CCO1,1
C/C(=C(\CCOC(=O)c1ccccc1)SS/C(CCOC(=O)c1ccccc1)=C(/C)N(C=O)Cc1cnc(C)nc1N)N(C=O)Cc1cnc(C)nc1N,0
Nc1ccc(F)cc1,0
Nc1c2ccccc2nc2ccccc12,1
CCCCCCCCCCCCCCCCCCCCCC(=O)Nc1ccn([C@@H]2O[C@H](CO)[C@@H](O)[C@@H]2O)c(=O)n1,1
CN(C)CCn1nnnc1SCC1=C(C(=O)O)N2C(=O)[C@@H](NC(=O)Cc3csc(N)n3)[C@H]2SC1,0
O=C(Cl)c1ccc([N+](=O)[O-])cc1,0
Nc1ccc(NC(=O)c2ccc(N)cc2)cc1,0
ClCc1ccccc1,0
Nc1ccccc1S(=O)(=O)O,0
Oc1ccc(Cl)cc1Sc1cc(Cl)ccc1O,1
COc1cc(CC(C)N)c(OC)cc1Br,0
N#CCCC#N,0
S=C(SSC(=S)N1CCCCC1)N1CCCCC1,0
Cc1noc(NS(=O)(=O)c2ccc(N)cc2)c1C,0
C[N@+]12CCCC[C@@H]1CCC(=C(c1cccs1)c1cccs1)C2,0
CCCCCCCCCCCCCCBr,0
CCC(C)(S(=O)(=O)CC)S(=O)(=O)CC,0
Cc1cc(C)nc(Nc2ccccc2)n1,0
Nc1ccc(-c2ccc(N)cc2)cc1,0
ON=C1CCCCC1,0
CCCN1C=CN(C)C1,0
CN(C)C(=S)[S-].CN(C)C(=S)[S-].[Zn+2],1
CC(C)OS(C)(=O)=O,0
CC(C(=O)O)c1ccc2c(c1)CC(=O)c1ccccc1S2,0
Cc1cc2c(cc1C(F)(F)F)N(C(=O)Nc1ccc(Oc3cccnc3C)nc1)CC2,0
CC(C)CC(C)N,0
Oc1ccc(-c2ccc(O)cc2)cc1,1
C=CCOc1c(Br)cc(Br)cc1Br,0
CCCCN(CCCC)C(=S)SSC(=S)N(CCCC)CCCC,0
CC(O)COc1ccccc1,0
C=CCOC(Cn1ccnc1)c1ccc(Cl)cc1Cl,1
CCCCCCCCCCCC(=O)OCC(O)CO,0
CCNc1nc(NC(C)(C)C)nc(SC)n1,0
O=c1[nH][nH]c2ccccc12,0
Cc1ccccc1S,0
O=C(O)/C=C(\CC(=O)O)C(=O)O,0
CC(C)(C)NCC(O)c1ccc(O)c(CO)c1,0
Oc1c(Cl)ccc(Cl)c1Cl,0
C1CCC2(CCCCO2)OC1,0
CC(C)COC(=O)OCN1C(=O)CN(CCN2CC(=O)N(COC(=O)OCC(C)C)C(=O)C2)CC1=O,1
CC(C)SCc1ccco1,0
Cc1nnc2n1-c1sc(CCC(=O)N3CCOCC3)cc1C(c1ccccc1Cl)=NC2,0
CCCC(=O)OCCC(C)CCC=C(C)C,0
O=C(Oc1ccccc1)c1ccc2ccccc2c1O,0
C[C@]12CC[C@@H]3[C@H]4CCC(=O)C=C4CC[C@H]3[C@@H]1CC[C@@H]2O,0
C=CCN(CC=C)C(=O)C(Cl)Cl,0
CCC(=O)C1CC(C(C)C)CC=C1C,0
O=C1C2CC=CCC2C(=O)N1SC(Cl)(Cl)Cl,1
O=Cc1ccco1,0
Cc1ccc(N(CCO)CCO)cc1,0
CCOC(=O)C(O)(c1ccc(Cl)cc1)c1ccc(Cl)cc1,1
O=C1CN=C(c2ccccc2)c2cc(Cl)ccc2N1,0
CC(C)Nc1ccc(NC(C)C)c2c1C(=O)c1ccccc1C2=O,0
O=C(NOCC1CC1)c1ccc(F)c(F)c1Nc1ccc(I)cc1Cl,1
N=C(N)N.N=C(N)N.O=C(O)O,0
CCN(CC)C(=O)N[C@H]1C[C@@H]2c3cccc4[nH]cc(c34)C[C@H]2N(C)C1,0
CCCCN(CCCC)C(=S)[S-].CCCCN(CCCC)C(=S)[S-].[Zn+2],1
CCCC[N+](C)(CCCC)CCCC,0
CO/N=C(/C(=O)N[C@@H]1C(=O)N2C(C(=O)[O-])=C(C[n+]3ccn4ncccc43)CS[C@H]12)c1nsc(N)n1,0
O=c1cc(-c2ccccc2)oc2ccccc12,0
CCCCC(CC)COC(=O)CCCCCCCCC(=O)OCC(CC)CCCC,0
ClCc1ccccn1,0
CO[C@@]1(NC(=O)Cc2cccs2)C(=O)N2C(C(=O)[O-])=C(COC(N)=O)CS[C@@H]21,0
COc1ccccc1OCCNCC(O)COc1cccc2[nH]c3ccccc3c12,0
CCCCCC/C=C/C(=O)OC,0
NS(=O)(=O)O,0
N[C@@H](CCC(=O)N[C@@H](CS)C(=O)NCC(=O)O)C(=O)O,0
O=[Se]=O,1
CCCCCCOC(=O)c1ccc(O)cc1,0
CCNC(=O)NCCCOc1cccc(CN2CCCCC2)c1,0
CN(C)CCCN1c2ccccc2CCc2ccccc21,0
CNC(=O)Nc1ccc(Cl)c(Cl)c1,0
C#C[C@]1(OC(C)=O)CC[C@H]2[C@@H]3CCC4=C[C@@H](OC(C)=O)CC[C@@H]4[C@H]3CC[C@@]21C,1
C=CCOc1ccccc1OCC(O)CNC(C)C,0
N#Cc1nc(Cl)c(Cl)c(Cl)c1Cl,1
O=[N+]([O-])c1ccc([As](=O)(O)O)cc1,0
CCOC(N)=O,0
Cc1cc(OC(=O)N(C)C)nn1C(=O)N(C)C,0
CN1CC[C@@]23CCCC[C@@H]2[C@@H]1Cc1ccc(O)cc13,0
CCC(=O)Nc1cccc(N)c1,0
CN(C)CCCN,0
CC(C)(S)C(=O)N[C@@H](CS)C(=O)O,0
CCn1c2ccccc2c2cc(N)ccc21,1
COc1cc2c3cc1Oc1cc(ccc1O)C[C@@H]1c4c(cc(OC)c(O)c4Oc4ccc(cc4)C[C@@H]3N(C)CC2)CC[N+]1(C)C,0
O=c1c(O)c(-c2ccc(O)cc2O)oc2cc(O)cc(O)c12,0
COc1cc(C)cc(O)c1,0
CC(=O)Nc1ccc2c(c1)Cc1ccccc1-2,0
COc1ccc(N)c(C)c1,0
COc1ccc(Cc2nccc3cc(OC)c(OC)cc23)cc1OC,0
[Hg+2],1
Cc1cc(C)nc(NS(=O)(=O)c2ccc(N)cc2)n1,0
CC(=O)CC(C)C,0
Oc1ccc(Cl)cc1Cc1ccccc1,0
O=C(NO)C1(NS(=O)(=O)c2ccc(Oc3ccc(F)cc3)cc2)CCOCC1,0
CCN1CCC[C@H]1CNC(=O)c1c(O)c(Cl)cc(Cl)c1OC,0
c1ccc(CSCc2ccccc2)cc1,0
CNC(C)CC1CCCCC1,0
Oc1c(Cl)cc(Cl)cc1Sc1cc(Cl)cc(Cl)c1O,1
NC(=S)C(N)=S,0
C[Si](C)(C)N[Si](C)(C)C,0
C[C@H]1COc2c(C3(N)CC3)c(F)cc3c(=O)c(C(=O)O)cn1c23,0
CCCCCCCCCCCCCCCCCC(=O)OCC(CC)CCCC,0
CC(=O)[C@]1(O)Cc2c(O)c3c(c(O)c2[C@@H](O[C@H]2C[C@H](N)[C@H](O)[C@H](C)O2)C1)C(=O)c1c(O)cccc1C3=O,1
CCCOC(=O)c1ccccc1,0
Nc1c(Cl)c(F)nc(OCC(=O)O)c1Cl,0
CC(C)(O)CCCC1=CCC(C=O)CC1,0
C=C[C@H]1CN2CCC1C[C@@H]2[C@@H](O)c1ccnc2ccc(OC)cc12,0
Cc1nc(-c2ccc(OCC(C)C)c(C#N)c2)sc1C(=O)O,0
OC[C@]1(O)OC[C@@H](O)[C@H](O)[C@@H]1O,0
NC(=S)Nc1ccccc1,0
CN(C)CCc1c[nH]c2ccc(CS(=O)(=O)N3CCCC3)cc12,0
CC(C)CC(C)N(c1ccccc1)c1ccc(N)cc1,1
O=c1[nH]c(=O)n([C@H]2C[C@H](O)[C@@H](CO)O2)cc1I,0
C=C(C)C(=O)OCCC[Si](OC)(OC)OC,0
O=c1oc2cc(O)ccc2s1,0
c1ccc(OCc2ccc(CCCN3CCOCC3)cc2)cc1,0
Nc1ccc(S(=O)(=O)[O-])cc1,0
CCCCCC(=O)O[C@]1(C(C)=O)CC[C@H]2[C@@H]3CCC4=CC(=O)CC[C@]4(C)[C@H]3CC[C@@]21C,0
CC(C)c1ccc(C(C)C)cc1,0
N[C@@H](CCC(=O)O)C(=O)O,0
CC1=CC(O)CC(C)(C)C1,0
C(=C/c1ccccc1)\c1ccccc1,0
C[C@@H](N)C(=O)c1ccccc1,0
CCOC(=O)c1ccccc1C(=O)OCC,0
c1ccc2sc(SSN3CCOCC3)nc2c1,0
O=C(O)CCN(C1(C(=O)NO)CCCC1)S(=O)(=O)c1ccc(Oc2ccc(F)cc2)cc1,0
C=CCOc1nc(OCC=C)nc(OCC=C)n1,0
O=C(NC1CCN(CCc2c[nH]c3ccccc23)CC1)c1ccccc1,0
O=C([O-])c1ccccc1O.O=C([O-])c1ccccc1O.[Zn+2],0
O=c1n(CCO)c(=O)n(CCO)c(=O)n1CCO,0
O=C1N=C2SCCN2C(=O)C1Cc1ccc(Cl)cc1,0
NNc1ccc(C(=O)O)cc1,0
Cc1cccc(/N=N/c2ccc(N(C)C)cc2)c1,0
CCCCCCCCCCCCCC(=O)OCC(O)CO,0
CO[C@@]1(NC(=O)C(C(=O)[O-])c2ccc(O)cc2)C(=O)N2C(C(=O)[O-])=C(CSc3nnnn3C)CO[C@@H]21,0
CC1OCCC1=O,0
O=S(=O)([O-])c1ccc(Nc2nc(Nc3ccc(/C=C/c4ccc(Nc5nc(Nc6ccc(S(=O)(=O)[O-])cc6)nc(N(CCO)CCO)n5)cc4S(=O)(=O)[O-])c(S(=O)(=O)[O-])c3)nc(N(CCO)CCO)n2)cc1,1
NO,0
O=C1c2ccccc2C(=O)N1SC(Cl)(Cl)Cl,1
C=C(C)C(=O)OC(C)C,0
O=[N+]([O-])c1ccc(Cl)c([N+](=O)[O-])c1,1
Cn1c(CCCC(=O)O)nc2cc(N(CCCl)CCCl)ccc21,1
Nc1nc(Cl)nc2c1ncn2[C@H]1C[C@H](O)[C@@H](CO)O1,1
C[N+]1(CC2COC(c3ccccc3)(C3CCCCC3)O2)CCCCC1,0
C=CC(=O)OCCCl,0
CC(C)=CCCC(C)=CC=O,0
CC(C)C[C@@H](NC(=O)[C@@H](O)[C@H](N)Cc1ccccc1)C(=O)O,0
Cc1ccc(O)c2ncccc12,1
CCCCCCCCCCCCNC(=N)N,0
O=[N+]([O-])c1ccc(CCl)cc1,0
NC(CO)(CO)CO,0
CC(=O)CC(=O)OC(C)(C)C,0
CC[C@H]1OC(=O)[C@H](C)C(=O)[C@H](C)[C@@H](O[C@@H]2O[C@H](C)C[C@H](N(C)C)[C@H]2O)[C@](C)(OC)C[C@@H](C)C(=O)[C@H](C)[C@H]2N(CCCCn3cnc(-c4cccnc4)c3)C(=O)O[C@]12C,0
CCC(Cc1c(I)cc(I)c(O)c1I)C(=O)O,0
OC[C@H]1O[C@H](O[C@@H]2[C@@H](CO)O[C@H](O[C@@H]3[C@@H](CO)O[C@H](O)[C@H](O)[C@H]3O)[C@H](O)[C@H]2O)[C@H](O)[C@@H](O)[C@@H]1O,0
CCCCOCCOCCSC#N,0
CC(=O)[O-].CC(=O)[O-].[Mg+2],0
O=C(O)c1c2ccccc2cc2ccccc12,0
OC(CCl)CCl,0
NC(=O)c1ccccc1N,0
O=NN1CCNCC1,0
CCCCC(=O)O[C@]1(C(=O)CO)[C@H](C)C[C@H]2[C@@H]3CCC4=CC(=O)C=C[C@]4(C)[C@@]3(F)[C@@H](O)C[C@@]21C,0
CCN(CC)C(=O)c1cccnc1,0
CCOc1ccc(N)cc1,0
CCCCCCC(CO)CCCC,0
Oc1c(Cl)cc(Cl)c2cccnc12,1
CC(=O)[C@H]1[C@H](C#N)C[C@H]2[C@@H]3CC=C4C[C@@H](O)CC[C@]4(C)[C@H]3CC[C@@]21C,0
CO/N=C(/C(=O)N[C@@H]1C(=O)N2C(C(=O)OCOC(=O)C(C)(C)C)=C(C)CS[C@H]12)c1csc(N)n1,0
O=C(Cl)c1cc(Cl)cc(Cl)c1,0
COS(=O)(=O)[O-].C[N+]1(C)CCN(CC(O)(c2ccccc2)C2CCCCC2)CC1,0
CCN(CC)CC1CCCCN1CC(=O)N1c2ccccc2C(=O)Nc2cccnc21,0
O=C1C(N(CO)C(=O)NCO)N(CO)C(=O)N1CO,0
CCCCn1cc[n+](C)c1.O=S(=O)([O-])C(F)(F)F,0
CCCCCC(CC)OC(=O)CCCOc1ccc(Cl)cc1Cl,0
O=C(O)c1cc(C(=O)O)cc(S(=O)(=O)[O-])c1,0
CN(CC1(C)CCCO1)S(=O)(=O)c1ccc(Cl)c(S(N)(=O)=O)c1,0
CC(=O)c1ccc(C(C)=O)cc1,0
C[C@H]1CCCC(=O)CCCC=Cc2cc(O)cc(O)c2C(=O)O1,1
CC(=O)OC1CCC(C(C)(C)C)CC1,0
CCN(CC)C(=O)C(Cl)=C(C)OP(=O)(OC)OC,0
CC(C)(CO)CO,0
COC(C)(C)CCO,0
CN1CCN(CCC(=O)N2c3ccccc3Sc3ccc(C(F)(F)F)cc32)CC1,0
ClCOCCl,0
Nc1cnn(-c2ccccc2)c(=O)c1Cl,0
C=C(C)C(=O)OCCCCCCCCCCCCCCCCCC,0
CNC(=O)Oc1cccc(C(C)C)c1,0
CC1(C)Oc2ccc(C#N)cc2[C@@H](N2CCCC2=O)[C@@H]1O,0
CCN(CCCCOC(=O)c1ccc(OC)c(OC)c1)C(C)Cc1ccc(OC)cc1,0
C=CCCCCCCCCO,0
COc1ccc(-c2noc(CC(=O)O)c2-c2ccc(OC)cc2)cc1,0
CCCN(CCC)N=O,0
C=C(Cl)CCl,0
COC(=O)CC#N,0
COc1ccc(C(=O)NCc2ccc(OCCN(C)C)cc2)cc1OC,0
CCCCOC(=O)C(=O)Nc1cccc(-c2nnn[nH]2)c1,0
O=C1c2c(O)ccc(O)c2C(=O)c2c(NCCNCCO)ccc(NCCNCCO)c21,1
C[C@H]1[C@H]2[C@H](C[C@H]3[C@@H]4CC[C@H]5C[C@@H](O)CC[C@]5(C)[C@H]4CC(=O)[C@@]32C)O[C@]12CC[C@@H](C)CO2,0
C#C[C@]1(O)CC[C@H]2[C@@H]3CCC4=Cc5oncc5C[C@]4(C)[C@H]3CC[C@@]21C,0
Cc1ccccc1Br,0
CCN1CCCC1CNC(=O)c1cc(S(N)(=O)=O)ccc1OC,0
CO[Si](CCCS)(OC)OC,0
CC[N+](C)(CC)CC,0
NS(=O)(=O)c1cc(C(=O)O)c(NCc2ccco2)cc1Cl,0
CCC(OCCCOC)OC(C)=O,0
C=C(C)C(=O)OCCOC(=O)C(=C)C,0
CCc1c2c(nc3ccc(OC(=O)N4CCC(N5CCCCC5)CC4)cc13)-c1cc3c(c(=O)n1C2)COC(=O)[C@]3(O)CC,1
CCOC(=O)Cc1cccc(-c2cc(CCCCCCc3ccc(O[C@H]4O[C@H](COC(C)=O)[C@@H](OC(C)=O)[C@H](OC(C)=O)[C@@H]4OC(C)=O)c(-c4cccc(CC(=O)OCC)c4)c3)ccc2O[C@H]2O[C@H](COC(C)=O)[C@@H](OC(C)=O)[C@H](OC(C)=O)[C@@H]2OC(C)=O)c1,0
C=CC1CO1,0
CC/C=C\CCCCO,0
Nc1ccc(/N=N/c2ccccc2)cc1,0
CCNc1nc(Cl)nc(NC(C)(C)C)n1,0
COC(CNC(=O)c1ccccc1OCC(=O)O)C[Hg]O,0
Nc1ccc(S(=O)(=O)O)c(N)c1,0
CC(=O)[C@H]1CC[C@H]2[C@@H]3C[C@H](C)C4=CC(=O)CC[C@]4(C)[C@H]3[C@@H](O)C[C@]12C,0
N=C(N)NC(=N)N1CCOCC1,0
c1ccc2[nH]cnc2c1,0
N#CCc1ccccc1[N+](=O)[O-],0
CC(C)OC(=O)c1ccccc1,0
CC(C)COC(=O)CCCCC(=O)OCC(C)C,0
CCCCCCCCOC(=O)c1cc(O)c(O)c(O)c1,1
CC(=O)Oc1cc(C)c(OC(C)=O)c2ccccc12,1
CCCCC[C@H](O)/C=C/[C@H]1[C@H](O)C[C@H](O)[C@@H]1C/C=C\CCCC(=O)O,0
O=C(O)c1cc(C(=O)O)c(C(=O)O)cc1C(=O)O,0
c1cc(N(CC2CO2)CC2CO2)ccc1Cc1ccc(N(CC2CO2)CC2CO2)cc1,1
CCCCS,0
CC(=O)N1C[C@H](O)C[C@H]1C(=O)O,0
C[C@@H]1CC(=O)NN=C1c1ccc(NN=C(C#N)C#N)cc1,1
NC(=O)c1c(Cl)cccc1Cl,0
CC(C)OP(C)(=O)OC(C)C,0
C=CC(=O)OCCOCC(CC)(COCCOC(=O)C=C)COCCOC(=O)C=C,0
CCCCCCCCCCCCC1CO1,0
CC(C)(C)N,0
CCN(CC)CCC(=O)N1c2ccccc2Sc2ccc(Cl)cc21,0
O=[N+]([O-])c1cc([As](=O)(O)O)ccc1O,0
Cc1cc(C(C)(C)c2cc(C)c(O)c(C)c2)cc(C)c1O,1
OC[C@H](O)[C@H](O)CO,0
C=CC(=O)OC,0
C[C@@H]1CC[C@H]2C(C)(C)[C@H]3C[C@]21CC[C@@]3(C)O,0
Cc1ccc2c(c1N)C(=O)c1ccccc1C2=O,0
C=C(C)C(=O)Nc1ccc(Cl)c(Cl)c1,1
O=c1[nH]c(=O)c2c[nH]nc2[nH]1,0
CC(=O)NNc1ccccc1,0
Cc1ccc([N+](=O)[O-])c([N+](=O)[O-])c1,0
CC(O)c1ccccc1,0
CCOC(=O)COc1cc(-c2nn(C)c(OC(F)F)c2Cl)c(F)cc1Cl,0
CN1CCCC1,0
CO[C@H](C(=O)[C@@H](O)[C@@H](C)O)C1Cc2cc3cc(O[C@H]4C[C@@H](O[C@H]5C[C@@H](O)[C@H](O)[C@@H](C)O5)[C@@H](O)[C@@H](C)O4)c(C)c(O)c3c(O)c2C(=O)[C@H]1O[C@H]1C[C@@H](O[C@H]2C[C@@H](O[C@H]3C[C@](C)(O)[C@H](O)[C@@H](C)O3)[C@H](O)[C@@H](C)O2)[C@H](O)[C@@H](C)O1,1
COc1ccc(N)cc1,0
O=[N+]([O-])c1ccc(Oc2ccc(N=C=S)cc2)cc1,1
NC[C@H]1CC[C@H](C(=O)Oc2ccc(CCC(=O)O)cc2)CC1,0
Nc1ccc(-c2ccc(N)c(Cl)c2)cc1Cl,1
CCC(=O)OC1(c2ccccc2)CCN(C)CC1,0
Cc1c(N)cccc1Cl,0
C=CCSSCCC,0
N#C[S-],0
N#CCCNCCC#N,0
CC(O)CNCC(C)O,0
O=CCCc1ccccc1,0
CCCCCCC(O)CCOC(C)=O,0
COC(=O)[C@@H](N)CCCN/C(N)=N/[N+](=O)[O-],0
O=CN1CCOCC1,0
CCO[Si](OCC)(OCC)c1ccccc1,0
Cc1occc1SSc1ccoc1C,1
O=[N+]([O-])c1cc(Cl)c(Cl)cc1Cl,0
C/C=C/C=C/C(=O)O,0
O=C(O)CCC(=O)c1ccc(-c2ccccc2)cc1,0
Brc1ccc(Oc2ccc(Br)cc2)cc1,0
CC(C)O,0
CCN(CC)CCNc1ccc(CO)c2sc3ccccc3c(=O)c12,1
C=CCCCCCCCCC=O,0
Cc1ccc(Nc2c(F)cccc2Cl)c(CC(=O)O)c1,0
O=C([O-])CC(O)(CC(=O)O)C(=O)[O-],0
CC1=C(C=O)C(C)(C)CCC1,0
CCC(=C(CC)c1ccc(O)cc1)c1ccc(O)cc1,1
c1ccc(-c2nnn[nH]2)cc1,0
CS(=O)(=O)c1ccc(C2=C(c3ccccc3)C(=O)OC2)cc1,0
CC(C)=CC(=O)O,0
Cc1cccc(C)c1NC(=O)CN1CCN(CCCC(c2ccc(F)cc2)c2ccc(F)cc2)CC1,0
Cc1ccccc1CO[C@H]1C[C@]2(C(C)C)CC[C@@]1(C)O2,0
CN1C(=O)N(c2ccccc2Br)Cc2cnc(Nc3ccc4c(c3)OCC(CO)O4)nc21,1
Cc1onc(-c2ccccc2)c1-c1ccc(S(N)(=O)=O)cc1,0
CCOC(=O)CC(=O)OCC,0
Cc1ccc(OC(=O)CC(C)C)cc1,0
CCC(=O)[N-]S(=O)(=O)c1ccc(-c2c(-c3ccccc3)noc2C)cc1,0
C=CC(=O)OCCCCCCOC(=O)C=C,1
Cc1occc1S,0
Cc1cc(-c2ccc(N)c(C)c2)ccc1N,0
CN(CCO)CCO,0
COc1ccc(C(=O)/C(Br)=C\C(=O)O)cc1,1
COC(=O)Nc1nc2ccccc2[nH]1,1
Oc1nc(O)nc(O)n1,0
O=C/C=C/c1ccccc1,0
COC=O,0
CC[C@H](NC(C)C)[C@H](O)c1ccc(O)c2[nH]c(=O)ccc12,0
COc1ccc(CN(CCN(C)C)c2ccccn2)cc1,0
COc1ccc(C(=O)c2ccc(C)cc2)c(O)c1,0
CCCCCCCCCC(=O)O[C@H]1CC[C@H]2[C@@H]3CCC4=CC(=O)CC[C@@H]4[C@H]3CC[C@]12C,0
Cc1ncc(CO)c(CO)c1O,0
C=C(C)C(=O)OCCN(C)C,0
CCN(CC)CCc1c[nH]c2ccccc12.CCN(CC)CCc1c[nH]c2ccccc12,0
CC(C)c1ccc(S(=O)(=O)[O-])cc1,0
CC1(S(=O)(=O)[O-])CC(=O)c2ccccc2C1=O,1
CC1=C2[C@H]3OC(=O)[C@@H](C)[C@@H]3CC[C@@]2(C)C=CC1=O,0
ClC(Cl)Cl,0
O=C1CCCC(=O)C1,0
FC(F)(F)c1ccc(Cl)cc1Cl,0
COc1cc(O)c(C(=O)c2ccccc2)cc1S(=O)(=O)O,0
CSc1ccc(C(=O)C(C)(C)N2CCOCC2)cc1,0
CC(COc1ccc(C(C)(C)C)cc1)OS(=O)OCCCl,0
CCOc1ccc(N=Nc2ccc(N)cc2N)cc1,0
CN(C)CCOC(=O)COc1ccc(Cl)cc1,0
COCCc1ccc(OCC(O)CNC(C)C)cc1.COCCc1ccc(OCC(O)CNC(C)C)cc1,0
CCCC(CCC)C(N)=O,0
CC[C@H](O)C(C[C@H](C)N(C)C)(c1ccccc1)c1ccccc1,0
N[C@@H](C(=O)N[C@@H]1C(=O)N2C(C(=O)O)=C(Cl)CS[C@H]12)c1ccccc1,0
Oc1c(Cl)cc(Cl)c(Cl)c1Cl,1
Nc1ccc2c(O)cc(S(=O)(=O)O)cc2c1,1
S=P(N1CC1)(N1CC1)N1CC1,1
C[C@@H]1C[C@H]2[C@@H]3CCC4=CC(=O)C=C[C@]4(C)[C@@]3(Cl)[C@@H](O)C[C@]2(C)[C@@]1(OC(=O)c1ccco1)C(=O)CCl,0
ClC(Cl)=C(Cl)C(Cl)=C(Cl)Cl,0
NCC1CCC(C(=O)O)CC1,0
O=S(=O)([O-])CCCS(=O)(=O)[O-],0
CN(C)c1ccc(C(=O)c2ccc(N(C)C)cc2)cc1,1
O=S(=O)(O)CCCN1CCOCC1,0
CCCCCCCCCCCCS,0
CCCCC=O,0
C/C=C(\C)C(=O)OC/C=C(\C)CCC=C(C)C,0
[Co+2],0
C[C@]12CC[C@H](O)C[C@H]1CC[C@@H]1[C@@H]2CC[C@]2(C)[C@@H](c3ccc(=O)oc3)C[C@H]3O[C@@]312,1
Nc1ccn([C@@H]2O[C@H](CO)[C@@H](O)[C@@H]2O)c(=O)n1,1
O=P(Cl)(Cl)Cl,0
CC(=O)C(Cl)Cl,0
O=C(O)Cc1ccccc1Oc1ccc(Cl)cc1Cl,0
C[N+](C)(C)CC(=O)O,0
Cc1cc(O)cc(C)c1Cl,0
O=S(=O)(c1ccc(Cl)cc1)c1cc(Cl)c(Cl)cc1Cl,1
C[C@H](N)C(=O)c1ccccc1,0
[Cu]I,0
CC(=O)OCC(=O)[C@@]1(O)[C@H](C)C[C@H]2[C@@H]3CCC4=CC(=O)C=C[C@]4(C)[C@@]3(F)[C@@H](O)C[C@@]21C,0
Oc1cccc(O)c1O,1
c1ccoc1,0
NC(=O)c1ccccc1,0
CCC[n+]1ccn(C)c1C.O=S(=O)([N-]S(=O)(=O)C(F)(F)F)C(F)(F)F,0
Oc1c(Cl)c(Cl)c(Cl)c(Cl)c1Cl,1
CC(C)(C)c1ccc(C=O)cc1,0
O=[Cr]O[Cr]=O,0
CC(C)(C)OC(=O)c1ccccc1C(=O)O,0
O=Cc1ccc(Cl)cc1,0
CN1C(=O)/C(=N/NC(N)=S)c2ccccc21,0
Cc1ncc[nH]1,0
CCCC1([C@H](O)C/C=C/[C@H]2[C@H](O)CC(=O)[C@@H]2CCCCCCC(=O)OC)CCC1,1
C[NH+](C)CCC(c1ccccc1)c1cccc[nH+]1,0
CCCCC(CC)C(=O)Cl,0
CNC(=O)NC(O)C(Cl)(Cl)Cl,0
OC(CCN1CCCCC1)(c1ccccc1)C1CC2C=CC1C2,0
CN(C)CCC=C1c2ccccc2C(C)(C)c2ccccc21,0
ClCc1cccnc1,0
O=c1c(O)c(-c2ccc(O)cc2)oc2cc(O)cc(O)c12,0
COc1cc(C)ccc1C(C)C,0
CC(C)CN(C[C@@H](O)[C@H](Cc1ccccc1)NC(=O)O[C@H]1CO[C@H]2OCC[C@@H]12)S(=O)(=O)c1ccc(N)cc1,0
COc1cc2c(cc1OC)C(=O)C(CC1CCN(Cc3ccccc3)CC1)C2,0
C[n+]1c2cc(N)ccc2cc2ccc(N)cc21.Nc1ccc2cc3ccc(N)cc3nc2c1,1
COc1ccc2[nH]cc(CCN(C(C)C)C(C)C)c2c1,0
CC(C)=CCC1C(=O)N(c2ccccc2)N(c2ccccc2)C1=O,1
ClCCN(CCCl)CCCl,1
O=C(Nc1ccc(Cl)c(Cl)c1)c1cc(Cl)cc(Cl)c1O,1
O=C(CCCN1CCN2CCCC2C1)c1ccc(F)cc1,0
COc1ccc2cc3[n+](cc2c1OC)CCc1cc2c(cc1-3)OCO2,1
COc1cccc(C=O)c1,0
CCC(C)(C)c1ccc(O)cc1,0
CC(C)COC(=O)c1ccccc1C(=O)OCC(C)C,0
Cc1cc(O)c2c(O)c3c(O)cccc3cc2c1,0
NCc1cccnc1,0
CCn1cc[n+](C)c1,0
Cc1cccc(C(=O)O)c1[N+](=O)[O-],0
C=CC(C)CCC=C(C)C,0
COc1cc([C@@H]2c3cc4c(cc3C(O[C@@H]3O[C@@H]5CO[C@@H](C)O[C@H]5[C@H](O)[C@H]3O)C3COC(=O)[C@@H]32)OCO4)cc(OC)c1OP(=O)(O)O,1
O=C(CCl)CCl,1
CC(C)NC[C@@H](O)COc1ccc(CC(N)=O)cc1,0
CCNC(=O)C1CC(C)CCC1C(C)C,0
NCC(O)c1ccc(O)cc1,0
OCC(CO)(CO)COCC(CO)(CO)CO,0
CC(C)(c1ccccc1)c1ccccc1,0
CCCCCCCCCC(=O)O,0
Cc1cc(C(=O)O)c(C)n1-c1cccc(C(=O)O)c1.O=C1C[C@@H]2OCC=C3CN4CC[C@]56c7ccccc7N1[C@H]5[C@H]2[C@H]3C[C@H]46,0
Cc1cc(C)c(O)c(C)c1,0
CCCCCC[C@@H](O)C/C=C\CCCCCCCC(=O)OCC(O)CO,0
CCOC(=O)/C=C\C(=O)OCC,0
CCCOCC(C)O,0
O=[N+]([O-])[O-].O=[N+]([O-])[O-].[Ca+2],0
O=C1c2ccccc2C(=O)c2cc(O)ccc21,0
C=CCc1ccccc1OCC(O)CNC(C)C,0
CC=CC(=O)CCCC,0
CCN(CC)CCNc1ccc(CNC=O)c2sc3ccc(OC)cc3c(=O)c12,1
CCN(CC)CCOC(=O)C1(c2ccccc2)CCCC1.CCN(CC)CCOC(=O)C1(c2ccccc2)CCCC1.O=S(=O)(O)CCS(=O)(=O)O,0
O=C(O)C(F)(F)C(F)(F)C(F)(F)C(F)(F)C(F)(F)C(F)(F)C(F)(F)C(F)(F)F,1
C[S+](C)CCC(N)C(=O)O,0
CC(=O)Oc1ccccc1C(=O)Nc1ncc([N+](=O)[O-])s1,1
CCCCCCCCCCCCCC/C(O)=N\C(CO)CCCCCCCCCCCCCC,0
Cc1c(C(C)C)c(=O)n(-c2ccccc2)n1C,0
COc1cccc([C@H](O)C2CCN(CCc3ccc(F)cc3)CC2)c1OC,0
Cc1cc([N+](=O)[O-])cc([N+](=O)[O-])c1O,1
CS(=O)(=O)NC(=O)c1cc(Oc2ccc(C(F)(F)F)cc2Cl)ccc1[N+](=O)[O-],0
COc1cc2[nH]c(C)c(CCN3CCN(c4ccccc4)CC3)c2cc1OC,0
CC(=O)/C=C/C1=C(C)CCCC1(C)C,0
CC[n+]1c(-c2ccccc2)c2cc(N)ccc2c2ccc(N)cc21,1
CC(C)CC(O)CC(C)C,0
CNCCC=C1c2ccccc2CCc2ccccc21,0
O=S(=O)(c1ccccc1)c1ccc(Cl)cc1,0
CC(C)(C)c1cc(CCC(=O)NN)cc(C(C)(C)C)c1O,0
CCCCCCCCCCCCCCCS(=O)(=O)Oc1ccccc1,0
CCCCCCCCn1sccc1=O,1
OC[C@H](O)[C@@H](O)[C@H](O)CO,0
NCCOS(=O)(=O)O,0
CCCCCCCCCCCCCC[P+](CCCC)(CCCC)CCCC.CCCCCCCCCCCCc1ccccc1S(=O)(=O)[O-],1
CCc1cc(C2=C(C(=O)[O-])N(c3ccccc3C(F)(F)F)S(=O)(=O)c3ccccc32)cc2c1OCO2,0
O.O.O.O.O.O.O=[N+]([O-])[O-].O=[N+]([O-])[O-].[Mg+2],0
O=C1c2ccccc2S(=O)(=O)N1CCCCN1CCN(c2ncccn2)CC1,0
NNC(=O)OCc1ccccc1,0
CCOC(=O)CN[C@@H](C(=O)N1CC[C@H]1C(=O)NCc1ccc(/C(N)=N/O)cc1)C1CCCCC1,0
CCC[N+]1(C)CCCC1.O=S(=O)([N-]S(=O)(=O)C(F)(F)F)C(F)(F)F,0
CO/N=C(/C(=O)N[C@@H]1C(=O)N2C(C(=O)[O-])=C(C[n+]3ccn4ncccc43)CS[C@H]12)c1nsc(N)n1,0
CCCCC(CC)CCC(CC(C)C)OS(=O)(=O)[O-],0
CCCC[n+]1cccc(C)c1,0
Oc1ccc(C2(c3ccc(O)cc3)c3ccccc3-c3ccccc32)cc1,1
N=C1C=CC(=C(c2ccc(N)cc2)c2ccc(N)cc2)C=C1,1
CN(C)C(=O)C(c1ccccc1)c1ccccc1,0
CN1CCN(C2=Nc3ccccc3Oc3ccc(Cl)cc32)CC1.O=C(O)CCC(=O)O,0
COC(=O)c1ccc(C)cc1,0
CN(C)CC[C@@H](c1ccc(Cl)cc1)c1ccccn1,0
CCOC(=O)CP(=O)(OCC)OCC,0
CN1[C@H]2C[C@H](OC(=O)[C@H](CO)c3ccccc3)C[C@@H]1[C@H]1O[C@@H]21,0
CN(C(=O)C(Cl)Cl)c1ccc(OC(=O)c2ccco2)cc1,0
COc1ccc(Cc2cnc(N)nc2N)cc1OC,0
NC(=O)[O-],0
Cl[Pd]Cl,0
COc1cccc(Br)c1,0
COC(N)=O,0
Oc1c(Br)cc(Br)c2cccnc12,1
CCCCCCCCSCCO,0
CC1CC(=O)CC(C)(C)C1,0
Oc1ccc2c(c1)OC[C@@H](N1CCC(O)(c3ccc(F)cc3)CC1)[C@H]2O,0
Cc1ccc2ccccc2c1,0
CC(c1ccc(O)cc1)(c1ccc(O)cc1)c1ccc(O)cc1,1
CNC(=O)N(C)c1nnc(C(C)(C)C)s1,0
CCCCCCCC/C=C\CCCCCCCC(=O)OCC,0
CC(C)(C1CCC(O)CC1)C1CCC(O)CC1,0
O=C(O)CCNC(=O)c1ccc(/N=N/c2ccc(O)c(C(=O)O)c2)cc1,0
CCCCCC(=O)OCC,0
O=C1CCCCCCCCCCCCCCO1,0
CC(C)OC(=O)c1ccccc1C(=O)OC(C)C,0
CC[C@@H](C(=O)[C@@H](C)[C@@H](O)[C@H](C)CCc1ccc(C)c(O)c1C(=O)[O-])[C@H]1O[C@](CC)([C@H]2CC[C@](O)(CC)[C@H](C)O2)C[C@@H]1C,1
CC(=O)OCC(=O)[C@@]1(O)CC[C@H]2[C@@H]3CCC4=CC(=O)C=C[C@]4(C)[C@H]3[C@@H](O)C[C@@]21C,0
CCOC(=O)[C@@H](C)Oc1ccc(Oc2nc3ccc(Cl)cc3o2)cc1,0
CCCCC(CC)C(=O)[O-],0
CCOC(=O)c1ncn2c1CN(C)C(=O)c1cc(F)ccc1-2,0
CC[C@@]1(O)C[C@H](O[C@H]2C[C@H](N(C)C)[C@H](O[C@H]3C[C@H](O)[C@H](O[C@H]4CCC(=O)[C@H](C)O4)[C@H](C)O3)[C@H](C)O2)c2c(cc3c(c2O)C(=O)c2c(O)cccc2C3=O)[C@H]1C(=O)OC,1
CC#CCC(C)[C@H](O)/C=C/[C@@H]1[C@H]2c3cccc(CCCC(=O)[O-])c3O[C@H]2C[C@H]1O,0
BrCCc1ccccc1,0
NC(=O)Nc1nc2ccccc2[nH]1,0
C=Cc1ccc(C)cc1,0
CCCOc1ccc2[nH]c(NC(=O)OC)nc2c1,1
CN1CC(=O)N=C1NC(=O)Nc1cccc(Cl)c1,0
CC(=O)O[C@]1(C(C)=O)CC[C@H]2[C@@H]3C=C(Cl)C4=CC(=O)CC[C@]4(C)[C@H]3CC[C@@]21C,1
CC(CN(C)C)CN1c2ccccc2CCc2ccccc21,0
CCC[Si](OC)(OC)OC,0
CCCCC(=O)OCC(=O)[C@]1(O)Cc2c(O)c3c(c(O)c2[C@@H](O[C@H]2C[C@H](NC(=O)C(F)(F)F)[C@H](O)[C@H](C)O2)C1)C(=O)c1c(OC)cccc1C3=O,1
CC(C)(C(=O)c1cccnc1)c1cccnc1,0
CCCCCCOc1ccccc1C(=O)O,0
CC(C(=O)O)c1ccc(C2CCCCC2)c2ccccc12,0
C=C[C@H]1CN2CCC1C[C@@H]2[C@@H](O)c1ccnc2ccccc12,0
C=CCc1ccc(OC)cc1,0
O=C(NS(=O)(=O)/C=C/c1cccs1)c1ccc(F)cc1Br,1
CC(C)CCCCCCCOC(=O)c1ccccc1C(=O)OCCCCCCCC(C)C,0
O=c1c(O)c(-c2ccc(O)c(O)c2)oc2cc(O)cc(O)c12,1
C[N+]1(C)[C@H]2CC[C@@H]1C[C@H](OC(=O)C(CO)c1ccccc1)C2,0
COCC(C)O,0
CC(=O)OC(C)C(=O)OCC[N+](C)(C)C.CC(=O)OC(C)C(=O)OCC[N+](C)(C)C.O=S(=O)([O-])c1cccc2c(S(=O)(=O)[O-])cccc12,0
COc1cc(/C=C/C(=O)CC(=O)/C=C/c2ccc(O)c(OC)c2)ccc1O,1
CC(C)COC(=O)c1ccccc1,0
CC(=O)Nc1ccc(OC(=O)c2ccccc2O)cc1,0
CC1(C)CC(N)CC(C)(CN)C1,0
C/C(=C(/CCO)SSCC1CCCO1)N(C=O)Cc1cnc(C)nc1N,0
CC(=O)C1C(=O)C=C(C)OC1=O,0
O=C1CCCC=CCCCCCCCCCC1,0
O=C1CCCc2ccccc21,0
O=C1NC(=O)C(=O)C(=O)N1,0
Cc1ccc(Cl)c(Nc2ccccc2C(=O)[O-])c1Cl,1
C=C(C)[C@H]1Cc2c(ccc3c2O[C@@H]2COc4cc(OC)c(OC)cc4[C@@H]2C3=O)O1,1
O=[N+]([O-])c1ccc(Cl)c(Cl)c1Cl,0
CC1=C(C)C(=O)C(CCCCC#CCCCC#CCO)=C(C)C1=O,0
CNc1ccccc1,0
O=[N+]([O-])c1cccc(O)c1,0
CC(=O)c1ccccc1O,0
S=C1NC=NC2N=CNC12,1
CCCCOc1cc(C(=O)NCCN(CC)CC)c2ccccc2n1,0
CCCCOCCOC(=O)c1ccccc1C(=O)OCCOCCCC,0
CCC(=O)OCC(=O)[C@@]1(OC(=O)CC)[C@H](C)C[C@H]2[C@H]3[C@H]([C@@H](O)C[C@@]21C)[C@@]1(C)C=CC(=O)C=C1C[C@H]3Cl,0
CCOC(=O)C(C)Oc1ccc(Oc2cnc3cc(Cl)ccc3n2)cc1,0
COc1cc([N+](=O)[O-])ccc1N,0
C=CCCC=C,0
NC(=O)OCC(COC(N)=O)c1ccccc1,0
C1CSCCS1,0
c1cc(CCCc2ccncc2)ccn1,0
O=[N+]([O-])c1cc(C(F)(F)F)c(Cl)c([N+](=O)[O-])c1Nc1ncc(C(F)(F)F)cc1Cl,1
Nc1ccc(N=Nc2ccccc2)c(N)n1,1
CCCCOCCO,0
COC(=O)N(OC)c1ccccc1COc1ccn(-c2ccc(Cl)cc2)n1,1
CCOCn1c(-c2ccc(Cl)cc2)c(C#N)c(Br)c1C(F)(F)F,1
CC1=NC(C)OC1C,0
Cc1ccc(C(=O)c2ccccc2)cc1,0
CC(C)(C)OC(=O)N1C[C@@H](F)C[C@H]1C(=O)O,0
O=[N+]([O-])c1ccc([O-])cc1,0
O=[Mo](=O)=O,0
O=C(O)c1nc(Cl)c(Cl)c(Cl)c1Cl,0
CC1=C(C(=O)Nc2ccccc2)SCCO1,0
CC1CN1,0
O=C1O[Pt]2(N[C@@H]3CCCC[C@H]3N2)OC1=O,1
COc1ccc(C(=O)/C(Br)=C\C(=O)[O-])cc1,1
Nc1ccc(O)cc1,1
COc1cccc2c1C(=O)c1c(O)c3c(c(O)c1C2=O)C[C@@](O)(C(C)=O)C[C@@H]3O[C@H]1C[C@H](N)[C@H](O)[C@H](C)O1,1
Clc1nc2ccccc2nc1Cl,0
CC(C)CCCCCOC(=O)CCS,0
CCCCCCC(C)O,0
COc1ccc(-c2ccc3cc(C(=O)O)ccc3c2)cc1C12CC3CC(CC(C3)C1)C2,1
Cc1ccc(Cl)cc1,0
COc1cc([C@@H]2c3cc4c(cc3[C@@H](O)[C@H]3COC(=O)[C@H]23)OCO4)cc(OC)c1O,1
CCOc1ccc(NC(=O)CC(C)O)cc1,0
Clc1ccc2cc3ccccc3cc2c1,1
CCc1nn(C2CCCCC2)c2cc([C@]3(C#N)CC[C@@H](C(=O)O)CC3)ccc12,1
CCCCC(CC)COC(=O)/C=C\C(=O)OCC(CC)CCCC,0
Cc1cccc2nccnc12,0
CCC(=O)/C=C/C1C(C)=CCCC1(C)C,0
CO[C@H]1C[C@H](O[C@@H]2[C@@H](C)C(=O)O[C@H](C)[C@H](C)[C@H](OC(C)=O)[C@@H](C)C(=O)[C@@]3(CO3)C[C@H](C)[C@H](O[C@@H]3O[C@H](C)C[C@H](N(C)C)[C@H]3OC(C)=O)[C@H]2C)O[C@@H](C)[C@@H]1OC(C)=O,0
COc1cc(N)c(Cl)cc1C(=O)NC1CN2CCC1CC2,0
CCCCCCCC(=O)CC[C@H]1[C@H](O)C[C@H](O)[C@@H]1C/C=C\CCCC(=O)OC(C)C,1
CCCCNC(=S)NCCCC,0
O=C(CCl)C(Cl)Cl,1
c1ccc(B(c2ccccc2)c2ccccc2)cc1,0
O=C(c1ccccc1)C1(O)CCCCC1,0
CN(N=O)c1ccccc1,0
COCCc1ccc(OCC(O)CNC(C)C)cc1.COCCc1ccc(OCC(O)CNC(C)C)cc1.O=C(O)CCC(=O)O,0
[Fe+2],0
O=C(/C=C/C=C/c1ccc2c(c1)OCO2)N1CCCCC1,0
COCCOc1cc2cc(C(=O)NC3CCN(C(C)C)CC3)n(CC(=O)Nc3ccc(Cl)cn3)c2cn1,0
Nc1ncn([C@@H]2O[C@H](CO)[C@@H](O)[C@H]2O)c(=O)n1,1
CC(C)(CCl)C(=O)Cl,0
COc1cc(NS(=O)(=O)c2ccc(N)cc2)ncn1,0
CCC(=O)OC(C)c1ccccc1,0
O=C(c1cc2ccccc2o1)N1CCN(Cc2ccccc2)CC1,0
O=C(c1ccc(F)cc1)C1CCN(CCn2c(=S)[nH]c3ccccc3c2=O)CC1,0
O=c1ccc2ccccc2o1,0
CC(C)=CC1C(C(=O)OC(C#N)c2cccc(Oc3ccccc3)c2)C1(C)C,0
CCCCCCCCP(=O)(O)O,0
CCCCCCCCCCCCCCCCI,0
O=[Se](O)O,1
COC(=O)c1ccc(CBr)cc1,0
Cc1cc(C)cc(C(=O)OC2C[C@@H]3CC[C@H](C2)N3C)c1,0
C/C=C1\[C@H]2C=C(C)C[C@]1(N)c1ccc(=O)[nH]c1C2,0
C[C@H]1[C@H]2Cc3ccc(O)cc3[C@]1(C)CCN2CCc1ccccc1,1
N#CCCOCCOCCC#N,0
OCCCCCO,0
ClC(Cl)(Br)Br,0
O=C([O-])c1ccccc1O,0
CCCCCCCCCCCC(=O)OC,0
CN(C)CCN(Cc1cccs1)c1ccccn1,0
CC(C)OC(=O)Nc1ccc2[nH]c(-c3cscn3)nc2c1,1
CCN1CC(CCN2CCOCC2)C(c2ccccc2)(c2ccccc2)C1=O,0
CCCCNS(=O)(=O)c1ccccc1,0
c1cnc2c(c1)ccc1cccnc12,1
Cc1c(C)c2c(c(C)c1O)CCC(C)(COc1ccc(CC3SC(=O)NC3=O)cc1)O2,1
O=C(Nc1ccc(Cl)cc1)Nc1ccc(Cl)c(C(F)(F)F)c1,1
Clc1ccc(C(Cl)(Cl)Cl)cc1Cl,0
CCCCC1=NC2(CCCC2)C(=O)N1Cc1ccc(-c2ccccc2-c2nnn[nH]2)cc1,0
CC(C)(OOC(C)(C)c1ccccc1)c1ccccc1,0
Oc1ccc2cc(SSc3ccc4cc(O)ccc4c3)ccc2c1,0
NC(=O)OC[C@@H]1[C@H](NC(=O)/C(=N\OCC(=O)[O-])c2csc(N)n2)C(=O)N1S(=O)(=O)[O-],0
CCOC(=O)[C@]1(c2ccccc2)Oc2ccccc2[C@@H]1N,0
CCCc1nc(C)c2c(=O)nc(-c3cc(S(=O)(=O)N4CCN(CC)CC4)ccc3OCC)[nH]n12.O=C(O)CC(O)(CC(=O)O)C(=O)O,0
CCCCCCCCCO,0
CC(=O)O[C@@]12CO[C@@H]1C[C@H](O)[C@@]1(C)C(=O)[C@H](O)C3=C(C)[C@@H](OC(=O)[C@H](O)[C@@H](NC(=O)OC(C)(C)C)c4ccccc4)C[C@@](O)([C@@H](OC(=O)c4ccccc4)[C@@H]12)C3(C)C,1
c1ccc(C(O[C@H]2CCCN(CCc3ccc4c(c3)OCO4)C2)c2ccccc2)cc1,0
N=C(N)NN.N=C(N)NN,0
Clc1sc(Cl)c(Cl)c1Cl,0
S=C1SCN(Cc2ccccc2)CN1Cc1ccccc1,0
CC(=O)O[Cr](O)OC(C)=O.CC(=O)O[Cr](O)OC(C)=O.CC(=O)O[Cr](OC(C)=O)OC(C)=O,0
COc1ccccc1N1CCNCC1,0
COc1ccc(C[C@H](N)C(=O)N[C@@H]2[C@@H](CO)O[C@@H](n3cnc4c(N(C)C)ncnc43)[C@@H]2O)cc1,1
CC(C)(CO)[C@@H](O)C(=O)NCCC(=O)[O-],0
COc1ccc2c3c1O[C@H]1C[C@@H](O)C=C[C@@]31CCN(C)C2,0
CC(C)NCC(O)c1ccccc1Cl,0
C=CC(=C)C,0
O=C([N-]S(=O)(=O)/C=C/c1ccccc1)c1ccc(F)cc1Cl,1
C[N+](C)(C)Cc1ccccc1,0
CCCOc1ccc2nc(NC(=O)OC)sc2c1,1
CCOc1ccccc1O,0
CCCCNc1ccccc1,0
Cc1ccc(C(=O)c2ccc(CC(=O)[O-])n2C)cc1,0
CC1CN1P(=O)(N1CC1C)N1CC1C,0
N[C@H]1[C@@H]2CN(c3nc4c(cc3F)c(=O)c(C(=O)O)cn4-c3ccc(F)cc3F)C[C@H]12,1
c1ccc(-c2nc[nH]c2-c2ccccc2)cc1,1
CC(C)C(Br)C(=O)NC(N)=O,0
O=C(O)c1ccc(O)c(O)c1,0
CCCCN(CCCC)SN(C)C(=O)Oc1cccc2c1OC(C)(C)C2,0
O=C(O)CCCc1ccc(N(CCCl)CCCl)cc1,1
OC[C@H](O)[C@@H](O)[C@@H](O)[C@H](O)CO,0
CCN(Cc1ccc(Cl)nc1)/C(=C/[N+](=O)[O-])NC,0
NS(=O)(=O)c1cc2c(cc1Cl)NC(CC1CCCC1)NS2(=O)=O,0
C=CCOc1ccc(CC(=O)O)cc1Cl,0
N[C@@H](Cc1ccc(Oc2cc(I)c(O)c(I)c2)c(I)c1)C(=O)O,0
C=C1/C(=C\C=C2/CCC[C@]3(C)[C@@H]([C@H](C)OCCC(C)(C)O)CC[C@@H]23)C[C@@H](O)C[C@@H]1O,1
Cn1cc(S(C)=O)c(=O)c2ccc(F)cc21,0
CO[C@]1(NC(=O)CSC(F)F)C(=O)N2C(C(=O)O)=C(CSc3nnnn3CCO)CO[C@H]21,0
BrCBr,0
C[N+](C)(C)C,0
CC#C[C@]1(O)CC[C@H]2[C@@H]3CCC4=CC(=O)CCC4=C3[C@@H](c3ccc(N(C)C)cc3)C[C@@]21C,1
O=C(C=Cc1ccccc1)OCCCc1ccccc1,0
Cc1ccc2nc(N)[nH]c(=O)c2c1Sc1ccncc1,1
COP(=O)(OC)OC(Br)C(Cl)(Cl)Br,1
C/C=C/C=C/CO,0
N=c1ccn2c(n1)O[C@H]1[C@H](O)[C@@H](CO)O[C@H]12,1
C/C=C/C=C/C=O,0
Cc1cccc2ccccc12,0
CO[C@H]1O[C@@H]2O[C@]3(C)CC[C@H]4[C@H](C)CC[C@@H]([C@H]1C)C42OO3,0
COc1cc(C(C)C)c2c(c1)S(=O)(=O)N(COc1cc(=O)n3cccc(OCCN4CCCCC4)c3n1)C2=O,0
COC(=O)Cc1ccccc1,0
CCCc1nn(C)c2c(=O)[nH]c(-c3cc(S(=O)(=O)N4CCN(C)CC4)ccc3OCC)nc12.O=C(O)CC(O)(CC(=O)O)C(=O)O,0
C[C@]12CC[C@@H]3[C@H]4CCC(=O)C=C4CC[C@H]3[C@@H]1CC[C@@H]2OC(=O)CCc1ccccc1,0
CCC1(C)CC(=O)NC(=O)C1,0
CCC(C)=NO,0
COc1cc(O)cc(O)c1,0
CN(C)c1ccc2nc3ccc(N(C)C)cc3[s+]c2c1,1
Cc1ccc2ccccc2c1[N+](=O)[O-],0
C[C@H]1O[C@@H](O[C@H]2[C@@H](O)C[C@H](O[C@H]3[C@@H](O)C[C@H](O[C@H]4CC[C@]5(C)[C@H]6C[C@@H](O)[C@]7(C)[C@@H](C8=CC(=O)OC8)CC[C@]7(O)[C@@H]6CC[C@@H]5C4)O[C@@H]3C)O[C@@H]2C)C[C@H](O)[C@@H]1O,1
CCOP(=O)([O-])C(N)=O,0
CCN(CC)c1ccc2c(C)cc(=O)oc2c1,1
O=Cc1ccccc1C=O,1
CN1C(C(=O)Nc2ccccn2)C(=O)c2sc(Cl)cc2S1(=O)=O,0
Oc1ccc(C(c2ccc(O)cc2)(C(F)(F)F)C(F)(F)F)cc1,1
O=C(O)c1cccc(-c2noc(-c3ccccc3F)n2)c1,0
Cc1c(N(C)CS(=O)(=O)[O-])c(=O)n(-c2ccccc2)n1C,0
O=c1oc(=O)c2cc3c(=O)oc(=O)c3cc12,0
CC(C)(C)OC(=O)c1ncn2c1[C@@H]1CCCN1C(=O)c1c(Br)cccc1-2,0
OC(c1ccc(Cl)cc1)(c1ccc(Cl)cc1)c1cccnc1,1
CCn1cc[n+](C)c1C.O=S(=O)([O-])C(F)(F)F,0
C=C(C)C(=O)OCCOP(=O)(O)OCCOC(=O)C(=C)C,0
Nc1ccccc1C(=O)O,0
CNC(=O)N(c1ccccc1)c1ccccc1,0
O=C1C(O)=C([C@H]2CC[C@H](c3ccc(Cl)cc3)CC2)C(=O)c2ccccc21,1
BrC(Br)C(Br)(Br)Br,1
ClC=CCl,0
COc1ccc(N)cc1N,1
O=C(N[C@@H](c1ccccc1)[C@@H]1CCCCN1)c1cccc(C(F)(F)F)c1Cl,0
NC(=O)N(O)[C@@H]1C=C[C@H](Oc2cccc(Oc3ccc(F)cc3)c2)C1,0
CO[Si](C)(C)OC,0
CCCNC(=O)NS(=O)(=O)c1ccc(Cl)cc1,0
O=C([O-])c1ccc2c(c1)nc(C(=O)NC1CCN(C3CC3)CC1)n2Cc1cc(-c2ccc(Cl)s2)on1,0
CC(C)(C)c1cc(C(C)(C)C)c(O)c(C(C)(C)C)c1,0
COc1cc(C=O)cc2c1[C@H](COC(N)=O)[C@]1(OC(C)=O)ON2C[C@H]2[C@@H]1N2C(C)=O,1
COc1nn(CSP(=S)(OC)OC)c(=O)s1,0
COC(OC)(C(=O)c1ccccc1)c1ccccc1,0
O=C(c1cc(O)c(O)c(O)c1)c1ccc(O)c(O)c1O,1
CC[C@H]1OC(=O)[C@H](C)[C@@H](O[C@H]2C[C@@](C)(OC)[C@@H](O)[C@H](C)O2)C(C)[C@@H](O[C@@H]2O[C@H](C)C[C@H](N(C)C)[C@H]2O)[C@](C)(OC)C[C@@H](C)C(=O)[C@H](C)[C@@H](O)[C@]1(C)O,0
CC1COc2c(N3CCN(C)CC3)c(F)cc3c(=O)c(C(=O)O)cn1c23,0
Cc1ccc2c(n1)Oc1ccc(C(C)C(=O)OCC(=O)N(C)C)cc1C2,0
OCCNCc1ccccc1,0
C1CCC(NC2CCCCC2)CC1,0
O=S(c1cc(Cl)cc(Cl)c1O)c1cc(Cl)cc(Cl)c1O,1
NN,0
CC(NN)c1ccccc1,0
[PbH2+2],0
CCCCCCCCCCCCCC(=O)OC,0
COC1=C(OC)C(=O)C(C/C=C(\C)CC/C=C(\C)CC/C=C(\C)CC/C=C(\C)CC/C=C(\C)CC/C=C(\C)CC/C=C(\C)CC/C=C(\C)CC/C=C(\C)CCC=C(C)C)=C(C)C1=O,0
OCC(O)CCl,0
CCCCCC[C@@H](O)C/C=C\CCCCCCCC(=O)OC,0
CN1C[C@@H]2C[C@H]1CN2c1cc2c(cc1F)c(=O)c(C(=O)O)cn2C1CC1,0
COc1cc(C(=O)NC2CCCNC2)cc(OC)c1OC,0
Cc1ccccc1O,0
COC(=O)[C@H]1[C@@H](OC(=O)c2ccccc2)C[C@@H]2CC[C@H]1N2C,0
CC(=O)Nc1ccc(S(N)(=O)=O)cc1,0
O=C(CS)Nc1ccccc1,1
CC(C)(O)C#CC(C)(C)O,0
CNP(=O)(OC)Oc1ccc(C(C)(C)C)cc1Cl,0
CCC(C)c1cccc(C(C)CC)c1O,0
O=c1[nH]cc(F)c(=O)[nH]1,1
C[C@]12CC[C@H]3[C@@H](CC[C@H]4NC(=O)C=C[C@]34C)[C@@H]1CC[C@@H]2C(=O)Nc1cc(C(F)(F)F)ccc1C(F)(F)F,0
CCOP(=S)(OCC)Oc1ccc2c(C)c(Cl)c(=O)oc2c1,0
C=C(C)C(=O)OCCCCCC,0
CC(C)CC(C)O,0
CC(C)C(=O)OCC(=O)[C@@]12O[C@H](C3CCCCC3)O[C@@H]1C[C@H]1[C@@H]3CCC4=CC(=O)C=C[C@]4(C)[C@H]3[C@@H](O)C[C@@]12C,0
COC(OC)OC,0
O=[N+]([O-])c1ccccc1Nc1ccccc1,0
O=c1cc(-c2ccc(O)cc2)oc2cc(O)cc(O)c12,1
CCN[C@H](C)Cc1cccc(C(F)(F)F)c1,0
CC1=CC(=O)[C@H]2C[C@@H]1C2(C)C,0
CC(C)CCCCCCCOP(OCCCCCCCC(C)C)Oc1ccccc1,0
C[C@]12CC[C@@H]3c4ccc(O)cc4CC[C@H]3[C@@H]1CC[C@@H]2OP(=O)(O)O,0
CCCCCCCCCOCC1CO1,0
c1ccc(CNCc2ccccc2)cc1,0
Cc1ccccc1CCO,0
CC(C)(C)CC(C)(C)c1ccc(O)c(-n2nc3ccccc3n2)c1,0
C[N+](C)(CCCCCC[N+](C)(C)C1c2ccccc2-c2ccccc21)C1c2ccccc2-c2ccccc21,0
COC(=O)C1=C(C)NC(C)=C(C(=O)OCC(C)=O)C1c1ccccc1[N+](=O)[O-],0
Cc1cc(=O)oc2cc(O)ccc12,1
O=C(Nc1cccc(Cl)c1)OCC#CCCl,1
COc1ccc2c3c1O[C@H]1[C@@H](O)C=C[C@H]4[C@@H](C2)N(C)CC[C@]314,0
C#CCC(Cc1cnc2nc(N)nc(N)c2n1)c1ccc(C(=O)N[C@@H](CCC(=O)O)C(=O)O)cc1,1
CC(C)CCCCCOC(=O)c1ccccc1C(=O)OCCCCCC(C)C,0
C[N+](C)(C)CCCCCCCCCC[N+](C)(C)C,0
CC=CC(=O)CC,0
NCCNCCN,0
Cc1cc(O)c2c3c4c(cc(O)c13)C(C)(C)C(=O)c1c(O)cc(O)c(c1-4)C2=O,1
C=Cc1ccc(S(=O)(=O)[O-])cc1,0
Cc1ccccc1OCC(O)CNCCOc1ccc(C(N)=O)cc1,0
Nc1ccccc1-c1ccccc1,0
N#CSCSC#N,1
CC[N+](CC)(CC)CCOc1cccc(OCC[N+](CC)(CC)CC)c1OCC[N+](CC)(CC)CC,0
Clc1cnc(Oc2ccc(Oc3ncc(Cl)cc3Cl)cc2)c(Cl)c1,0
CC1(C)O[C@@H]2C[C@H]3[C@@H]4C[C@H](F)C5=CC(=O)C=C[C@]5(C)[C@@]4(F)[C@@H](O)C[C@]3(C)[C@]2(C(=O)CO)O1,0
C[C@]12C[C@H](O)[C@@]3(F)[C@@H](CCC4=CC(=O)CC[C@@]43C)[C@@H]1CC[C@]2(O)C(=O)CO,0
CCOC(=O)NNc1ccc(N(CC)CC(C)O)nn1,0
CCCCOC(=O)C(C)OC(=O)CCC,0
CC1CCC(=O)O1,0
O=C1c2ccccc2C(=O)C1c1ccc2cc(S(=O)(=O)[O-])cc(S(=O)(=O)[O-])c2n1,0
N[C@H]1CN(c2c(F)cc3c(=O)c(C(=O)O)cn(C4C[C@H]4F)c3c2Cl)CC12CC2,0
NS(=O)(=O)c1ccccc1OC(F)(F)F,0
C=CC(=O)NCNC(=O)C=C,0
CC(N/C(=N\C#N)Nc1ccncc1)C(C)(C)C,0
CC(C)(C)NCC(O)c1ccc(O)c(CO)n1,0
CCCCNC(=O)n1c(NC(=O)OC)nc2ccccc21,1
Cc1ccc(NC(=O)c2ccc(CN3CCN(C)CC3)cc2)cc1Nc1nccc(-c2cccnc2)n1,0
CO/N=C(/C(=O)OC)c1ccccc1CON=C(C)c1cccc(C(F)(F)F)c1,1
OC[C@H]1O[C@@H]2O[C@@H]3[C@@H](CO)O[C@H](O[C@@H]4[C@@H](CO)O[C@H](O[C@@H]5[C@@H](CO)O[C@H](O[C@@H]6[C@@H](CO)O[C@H](O[C@@H]7[C@@H](CO)O[C@H](O[C@H]1[C@H](O)[C@H]2O)[C@H](O)[C@H]7O)[C@H](O)[C@H]6O)[C@H](O)[C@H]5O)[C@H](O)[C@H]4O)[C@H](O)[C@H]3O,0
Cc1cc(=O)nc(C(C)C)[nH]1,0
CCN(CC)c1cc2[o+]c3cc(N(CC)CC)c(C)cc3c(-c3ccc(S(=O)(=O)[O-])cc3S(=O)(=O)[O-])c2cc1C,0
N#CC(O)c1ccccc1,0
C[C@@H]1O[C@@H](O[C@@H]2[C@@H](O)[C@H](OCCc3ccc(O)c(O)c3)O[C@H](CO[C@@H]3O[C@H](CO)[C@@H](O)[C@H](O)[C@H]3O)[C@H]2OC(=O)/C=C/c2ccc(O)c(O)c2)[C@H](O)[C@H](O)[C@H]1O,0
Cc1c[nH]c(=S)[nH]c1=O,0
Cc1cc([N+](=O)[O-])ccc1N,0
CN(C)CC/C=C1\c2ccccc2COc2ccccc21,0
CSCCC=O,0
CN[C@@]1(c2ccccc2Cl)CCCCC1=O,0
C=C(C)C(=O)OC1CC(C)CC(C)(C)C1,0
Cc1cccc(C)c1,0
[Fe+2].c1cc[cH-]c1.c1cc[cH-]c1,0
C=C(C)C1CC=C(C)C(=O)C1,0
CCN(C=O)CC,0
CCC(C)c1cc([N+](=O)[O-])cc([N+](=O)[O-])c1OC(=O)C=C(C)C,1
N#CC(c1ccc(Cl)cc1)c1c(Cl)cc(-n2ncc(=O)[nH]c2=O)cc1Cl,1
C[C@H]1O[C@@H](n2cc(F)c(=O)[nH]c2=O)[C@H](O)[C@@H]1O,1
C=C(C)C(=O)OCCCCCCCCCCCCC,0
CC(=O)Oc1ccc(C(c2ccc(OC(C)=O)cc2)c2ccccn2)cc1,1
CC(C)N(c1ccccc1)C(C)C,0
N#Cc1ccccn1,0
O=C([O-])c1cc(C(=O)O)cc(S(=O)(=O)O)c1,0
Cc1cc(-c2ccccc2)nnc1NCCN1CCOCC1,0
CCCCOC(=O)CCCCC(=O)OCCCC,0
OC(CCN1CCCCC1)(c1ccccc1)C1CCCCC1,0
Cl[Yb](Cl)Cl,0
C1CCCCCCCCCCC1,0
N=C(N)NC(=O)c1nc(Cl)c(N)nc1N,1
CCC1COC(=O)O1,0
CC(C)(C)S,0
CC1=CC(C)(C)Nc2ccccc21,0
NC(CO)(CO)CO.O=C(c1ccccc1)c1ccc2n1CC[C@H]2C(=O)O,0
O=C1C=CC(=O)N1c1ccc(Cc2ccc(N3C(=O)C=CC3=O)cc2)cc1,1
COc1cc(OC)c(OC)cc1C=O,0
O=S(=O)([O-])c1ccccc1C=Cc1ccc(-c2ccc(C=Cc3ccccc3S(=O)(=O)[O-])cc2)cc1,1
CCCCc1ccc(O)cc1,0
Cc1cc(Br)ccc1NC(=O)CCl,1
COC(=O)c1cccc(Cl)c1,0
O=[Cr](=O)([O-])O[Cr](=O)(=O)[O-],1
CCCCOC(O)CC,0
CCC/C=C/C=O,0
CC(O)CC(C)(C)O,0
Nc1ccn([C@@H]2O[C@H](CO)[C@@H](O)C2(F)F)c(=O)n1,1
O=C(O)C[C@H](NC(=O)OCc1ccccc1)C(=O)O,0
CCCCCCCCCCCCCCCCCCOCC(O)CO,0
CC[C@H](C)[C@@H](C(=O)O)n1sc2ccccc2c1=O,0
CC(O)C(=O)O[Hg]c1ccccc1,1
Nc1nc(N)c2nc(-c3ccccc3)c(N)nc2n1,1
COc1ccc(C=CC(=O)OCCC(C)C)cc1,0
O=C1CC[C@@H](C(=O)O)N1,0
C1=CCC(c2ccccc2)CC1,0
Cc1c(N)nc([C@H](CC(N)=O)NC[C@H](N)C(N)=O)nc1C(=O)N[C@H](C(=O)N[C@H](C)[C@@H](O)[C@H](C)C(=O)N[C@H](C(=O)NCCc1nc(-c2nc(C(=O)NCCCCNC(=N)N)cs2)cs1)[C@@H](C)O)[C@@H](O[C@@H]1O[C@@H](CO)[C@@H](O)[C@H](O)[C@@H]1O[C@H]1O[C@H](CO)[C@@H](O)[C@H](OC(N)=O)[C@@H]1O)c1cnc[nH]1,1
Cc1cccc2c1cc1ccc3cccc4ccc2c1c34,1
O=C(O)[C@H](O)c1ccccc1,0
CN1[C@H]2CC[C@@H]1C[C@H](OC(=O)c1cc(Cl)cc(Cl)c1)C2,0
CCN(CC)C(C)C(=O)c1ccccc1,0
CC/C=C\CCOC(C)OCC,0
CCOC(=O)CC(C)=O,0
CO[C@@]1(NC(=O)Cc2cccs2)C(=O)N2C(C(=O)O)=C(COC(N)=O)CS[C@@H]21,0
CCCCc1ccccc1,0
CCn1nc(C(=O)O)c(=O)c2cc3c(cc21)OCO3,0
Cl[C@H]1[C@H](Cl)[C@@H](Cl)[C@@H](Cl)[C@H](Cl)[C@H]1Cl,0
O=C(Oc1ccccc1)Oc1ccccc1,0
CC(C)C[C@@H]1NC(=O)[C@H](CCCN)NC(=O)[C@H](C(C)C)NC(=O)[C@@H]2CCCN2C(=O)[C@@H](Cc2ccccc2)NC(=O)[C@H](CC(C)C)NC(=O)[C@H](CCCN)NC(=O)[C@H](C(C)C)NC(=O)[C@@H]2CCCN2C(=O)[C@@H](Cc2ccccc2)NC1=O,1
CSCCCN=C=S,1
C=C[Si](OC(=C)C)(OC(=C)C)OC(=C)C,0
CC(C)C(=O)Nc1ccc([N+](=O)[O-])c(C(F)(F)F)c1,0
O=C=NCC1CCCC(CN=C=O)C1,0
CCN1CN(CC)CN(CC)C1,0
CCN[C@@H](C)Cc1cccc(C(F)(F)F)c1,0
CCCCCCCCCCCCCCCCCC(=O)OCCO,0
CCN1C(=CC=Cc2sc3ccccc3[n+]2CC)Sc2ccccc21,1
CC(=O)O[C@H](CC(=O)[O-])C[N+](C)(C)C,0
COc1ccc(OC)c(OC)c1,0
O=C1OC(O)C(C(Cl)Cl)=C1Cl,1
O=C(O)c1cccc(C(F)(F)F)c1,0
CC/C(=C(/CC)c1ccc(O)cc1)c1ccc(O)cc1,1
CC1=CCC(C(C)C)=CC1,0
O=S(=O)([O-])c1ccc2c(/N=N\c3ccc(S(=O)(=O)[O-])c4ccccc34)c(O)c(S(=O)(=O)[O-])cc2c1,0
CCCCOC(=O)c1ccccc1,0
Brc1cc(Br)c(Oc2cc(Br)c(Br)cc2Br)cc1Br,0
COCC(=O)Nc1cc(Sc2ccccc2)ccc1N=C(NC(=O)OC)NC(=O)OC,1
C[N+]1(C)[C@H]2CC[C@@H]1C[C@H](OC(=O)C(CO)c1ccccc1)C2,0
[NH3+]c1ccccc1,0
O=S1(=O)OC(c2ccc([O-])cc2)(c2ccc(O)cc2)c2ccccc21,0
O=C(O)c1ccccc1C(=O)Nc1cccc2ccccc12,0
COc1cc(OC)nc(Oc2cccc(Oc3nc(OC)cc(OC)n3)c2C(=O)[O-])n1,0
COc1ccc(C(Cl)=C(c2ccc(OC)cc2)c2ccc(OC)cc2)cc1,0
CC/C=C\CC/C=C/C(OCC)OCC,0
CCCC[Sn](Cl)(Cl)Cl,0
CCN(CC)CCNC(=O)c1cc(Cl)c(N)cc1OC,0
COC(=O)Nc1nc2cc(C(=O)c3ccccc3)ccc2[nH]1,1
CC1COc2ccccc2N1,0
CN1CCC(=C2c3ccccc3CCc3sccc32)CC1,0
CC(C)=CCOc1ccc(/C=C/C(=O)c2ccc(OCC=C(C)C)cc2OCC(=O)O)cc1,1
CC(CN1CC(=O)NC(=O)C1)N1CC(=O)NC(=O)C1,1
BrCCCCCBr,0
O=C(Nc1ccc(Cl)cc1)Nc1ccc(Cl)c(Cl)c1,1
O=C1CCCCCN1SSN1CCCCCC1=O,0
O=C1C(Cl)C(CCl)CN1c1cccc(C(F)(F)F)c1,0
CC(C)c1cccc(C(C)C)c1N1C(=O)c2ccc(O)cc2C1=O,1
Cc1c(N)nc(C(CC(N)=O)NCC(N)C(N)=O)nc1C(=O)NC(C(=O)NC(C)C(O)C(C)C(=O)NC(C(=O)NCCc1nc(-c2nc(C(=O)NCCCN[C@@H](C)c3ccccc3)cs2)cs1)C(C)O)C(O[C@@H]1O[C@@H](CO)[C@@H](O)[C@H](O)[C@@H]1O[C@H]1O[C@H](CO)[C@@H](O)[C@H](OC(N)=O)[C@@H]1O)c1c[nH]cn1,1
N=C1NC(=N)c2ccccc21,1
C1CNCCN1,0
OC(c1ccccc1)(c1ccccc1)C1CN2CCC1CC2,0
O=C(OCc1ccccc1)c1ccc(O)cc1,0
C/C=C/C=C/C(=O)[O-],0
CCc1ccc(O)c(OC)c1,0
CCC(=O)CC,0
C=C(C#N)C(=O)OCC,0
CCOP(=O)(OCC)OCC,0
CCC(=O)Oc1ccc(/C(CC)=C(\CC)c2ccc(OC(=O)CC)cc2)cc1,1
CC(C)(O)C(=O)c1ccccc1,0
O=C1CN=C(c2ccccc2)c2cc(Cl)ccc2N1CC1CC1,1
NS(=O)(=O)c1ccc(C(=O)O)cc1,0
O=C(Cl)c1cc(C(=O)Cl)cc(C(=O)Cl)c1,1
O=C([O-])CCC/C=C\C[C@H]1[C@@H](O)C[C@@H](O)[C@@H]1/C=C/[C@@H](O)COc1cccc(Cl)c1,0
CCOc1ccc(N=Nc2ccc(C=Cc3ccc(N=Nc4ccc(OCC)cc4)cc3S(=O)(=O)[O-])c(S(=O)(=O)[O-])c2)cc1,0
Cn1cnc2c(=O)nc(N)[nH]c21,0
OCc1ccccc1,0
Oc1ccc2c(c1)Cc1ccccc1-2,1
CC(=O)S[C@@H]1CC2=CC(=O)CC[C@]2(C)[C@H]2CC[C@@]3(C)[C@@H](CC[C@@]34CCC(=O)O4)[C@@H]21,1
CC(O)COCC(C)O,0
Cl/C=C/Cl,0
CN(C)c1ccc(C2(c3ccc(N(C)C)cc3)OC(=O)c3cc(N(C)C)ccc32)cc1,1
CC1(C)O[C@@H]2C[C@H]3[C@@H]4C[C@H](F)C5=CC(=O)C=C[C@]5(C)[C@H]4[C@@H](O)C[C@]3(C)[C@]2(C(=O)CO)O1,0
CN=C=O,0
CC(N)Cc1ccc2c(c1)OCO2,0
CCOc1ccccc1C(N)=O,0
CCOc1ccc(NC(N)=O)cc1,0
COc1cc([C@H]2Oc3cc([C@H]4Oc5cc(O)cc(O)c5C(=O)[C@@H]4O)ccc3O[C@@H]2CO)ccc1O,0
CCCCCC(=O)OCCc1ccccc1,0
CC(=O)OCCOCCOCCOC(C)=O,0
Cc1ccccc1C(=O)Nc1cccc(OC(C)C)c1,0
BrCCOc1ccccc1,0
CC(O)CN,0
CCC(COC(=O)c1cc(OC)c(OC)c(OC)c1)(c1ccccc1)N(C)C,0
O=S1(=O)CCCC1,0
Cc1cc(Cl)ccc1/N=C/N(C)C,0
CC(C)Nc1ccc(Nc2ccccc2)cc1,1
O=C(O)CNC(=O)c1ccccc1,0
O=C(O)c1ccccc1C(=O)OCc1ccccc1,0
CCC(COC(=O)CCS)(COC(=O)CCS)COC(=O)CCS,1
N#CC1(N)CCCCC1,0
CC(=O)O[Hg]c1ccccc1,1
CC1(C)S[C@@H]2[C@H](NC(=O)[C@H](NC(=O)N3CCN(S(C)(=O)=O)C3=O)c3ccccc3)C(=O)N2[C@H]1C(=O)O,0
O=c1c(O)c(-c2ccc(O)c(O)c2)oc2cc(O)cc(O)c12,0
CC(O)CCCCn1c(=O)c2c(ncn2C)n(C)c1=O,0
Cc1cnc(C(=O)O)c[n+]1[O-],0
C[N+]1([O-])[C@H]2C[C@H](OC(=O)[C@H](CO)c3ccccc3)C[C@@H]1[C@H]1O[C@@H]21,0
CCCCCCCCCC=O,0
COc1c(O[C@@H]2O[C@H](CO)[C@@H](O)[C@H](O)[C@H]2O)cc2c(c1OC)-c1ccc(SC)c(=O)cc1[C@@H](NC(C)=O)CC2,0
Clc1c(Cl)c(Cl)c(Cl)c(Cl)c1Cl,0
CC(C)(C)NC(N)=O,0
CO.COc1cc(Nc2c(C#N)cnc3cc(OCCCN4CCN(C)CC4)c(OC)cc23)c(Cl)cc1Cl,1
CCCC[N+]1(C)CCCC1,0
NC(=O)OCC(O)COc1ccc(Cl)cc1,0
Oc1c(Cl)cc(Cl)c(Cl)c1Cc1c(O)c(Cl)cc(Cl)c1Cl,1
NNc1ccc(C(=O)O)cc1,0
COc1ccc(-c2nc3cc(C4=NNC(=O)CC4C)ccc3[nH]2)cc1,1
O=C(O)C(c1ccc(Cl)cc1)c1ccc(Cl)cc1,0
CN[C@H]1CCc2cc(OC)c(OC)c(OC)c2-c2ccc(OC)c(=O)cc21,1
CN1[C@H]2CC[C@@H]1C[C@H](O)C2,0
C1=COCCC1,0
CCOP(=S)(OCC)Oc1cc(C)nc(N(CC)CC)n1,0
CC1(C)O[C@@H]2C[C@H]3[C@@H]4CCC5=CC(=O)CC[C@]5(C)[C@@]4(F)[C@@H](O)C[C@]3(C)[C@]2(C(=O)CCl)O1,0
O=C(Nc1ccc([N+](=O)[O-])cc1Cl)c1cc(Cl)ccc1O,1
CC1(C)[C@@H](O)CC[C@@]2(C)[C@H]1CC[C@]1(C)[C@@H]2C(=O)C=C2[C@@H]3C[C@@](C)(C(=O)O)CC[C@]3(C)CC[C@]21C,0
CCOC(=O)c1ccccc1C,0
CC(C)(N)CO,0
CO/N=C(\C(=O)N[C@@H]1C(=O)N2C(C(=O)[O-])=C(C[n+]3cccc4c3CCC4)CS[C@H]12)c1csc(N)n1,0
O=c1cc[nH]c(=O)[nH]1,0
CCC(C)(NC(=O)c1cc(Cl)c(C)c(Cl)c1)C(=O)CCl,1
C[Hg]Cl,1
CCCCCCOC(C)=O,0
CCCCCOC(=O)Nc1nc(=O)n([C@@H]2O[C@H](C)[C@@H](O)[C@H]2O)cc1F,0
CN/C=N/c1ccc(C)cc1C,0
CN1C(CCl)Nc2cc(Cl)c(S(N)(=O)=O)cc2S1(=O)=O,0
O=C(O)C(Cl)Cl,0
O=C(CCCN1CCN(c2ccc(F)cc2)CC1)NC1c2ccccc2CSc2ccccc21,0
CN(C)CCC(O)(c1ccccc1)c1ccccc1Cl,0
CC(Cc1ccccc1)NCCn1cnc2c1c(=O)n(C)c(=O)n2C,0
Cc1ccc(C(=O)Nc2ccc(S(=O)(=O)O)c3cc(S(=O)(=O)O)cc(S(=O)(=O)O)c23)cc1NC(=O)c1cccc(NC(=O)Nc2cccc(C(=O)Nc3cc(C(=O)Nc4ccc(S(=O)(=O)O)c5cc(S(=O)(=O)O)cc(S(=O)(=O)O)c45)ccc3C)c2)c1,0
Cc1c2ccccc2c(C)c2c1ccc1ccccc12,1
CCC(C)CCCC(C)(C)O,0
CCCc1c2oc(C(=O)O)cc(=O)c2cc2c(=O)cc(C(=O)O)n(CC)c12,0
O=C(OCCCCCOC(=O)c1ccccc1)c1ccccc1,0
CNC(=O)c1c(I)c(C(=O)NCC(=O)Nc2c(I)c(C(=O)O)c(I)c(C(=O)NCCO)c2I)c(I)c(N(C)C(C)=O)c1I,0
Cc1cnc(C(=O)NCCc2ccc(S(=O)(=O)NC(=O)NC3CCCCC3)cc2)cn1,0
Oc1ccc(Cc2ccc(O)cc2)cc1,0
Nc1ccc2cc(S(=O)(=O)O)ccc2c1,0
CCC(C)COC(=O)CC(C)C,0
[Ba+2],0
OCC(O)CO,0
CN1CCCC1=O,0
C[C@@H](O)[C@H]1C(=O)N2C(C(=O)[O-])=C(SC3Cn4cnc[n+]4C3)[C@H](C)[C@H]12,0
CN(C)c1ccc2nc3ccc(N(C)C)cc3[s+]c2c1,1
COC(=O)NC(=S)Nc1ccccc1NC(=S)NC(=O)OC,0
CC(=O)Nc1ccc(C)c(Cl)c1,0
CCN(CC)CCOC(=O)C1(C2CCCCC2)CCCCC1,0
CCc1oc2ccccc2c1C(=O)c1cc(Br)c(O)c(Br)c1,1
CN(C)c1ccc(N=O)cc1,1
CC(C)n1c(/C=C/[C@@H](O)C[C@@H](O)CC(=O)[O-])c(-c2ccc(F)cc2)c2ccccc21,0
[Na]I,0
Fc1cccc(Cl)c1CCl,0
Cc1ccc(Nc2nccc(N(C)c3ccc4c(C)n(C)nc4c3)n2)cc1S(N)(=O)=O,1
O=C(CCCCCCC(=O)Nc1ccccc1)NO,1
NC(N)=O,0
CC(=O)Oc1ccc(C2(c3ccc(OC(C)=O)cc3)Oc3ccccc3NC2=O)cc1,1
BrCCCBr,0
OC1CCCCC1c1ccccc1,0
CCCCCCOC(=O)c1cccnc1,0
Nc1nc(Cl)cc(Cl)n1,0
[N-]=[N+]=CC(=O)OC[C@H](N)C(=O)O,0
CN1C(=O)CN=C(c2ccccc2)c2cc(Cl)ccc21,0
O=[N+]([O-])c1cccc(Cl)c1Cl,0
CCC(CN)CC(C)CCNCC(O)CNCC(C)CC(CC)CN,0
c1ccc2c(c1)CCCC2C1=NCCN1,0
Oc1ccc(-c2ccccc2)cc1,0
O=C1CCCc2c1cc1ccc3cccc4ccc2c1c34,1
CCC1OC(=O)C[C@@H](O)[C@H](C)[C@@H](O[C@@H]2O[C@H](C)C[C@H](N(C)C)[C@H]2O)[C@@H](CC=O)C[C@@H](C)C(=O)C=C[C@]2(C)OC2C1C,1
CC(C)(CO)[N+](=O)[O-],0
CC(C)CC(C)(C)C,0
Cc1ccc(C(N)=O)cc1N,0
COC(C)(C)C,0
c1cnc2c(n1)CCCC2,0
N#CSCSc1nc2ccccc2s1,1
CN(C(=O)CCCOc1ccc2[nH]c(=O)ccc2c1)C1CCCCC1,0
C=C(C)[C@@H]1CC=C(C)CC1,0
CC1CC(O)CC(C)(C)C1,0
O=[Zr](Cl)Cl,0
COc1cccc2c1C(=O)c1c(O)c3c(c(O)c1C2=O)C[C@@](O)(C(C)=O)C[C@@H]3O[C@H]1C[C@H](N)[C@H](O)[C@H](C)O1,1
O=C1CCCN1,0
c1ccc2c(c1)ccc1cc3c(ccc4ccccc43)cc12,1
CCN(CC)CCOC(=O)c1cccnc1.O=C(O)CC(O)(CC(=O)O)C(=O)O,0
O=S(=O)([O-])c1cccc2ccccc12,0
NCCNCCO,0
CC(C)OC(=O)CCC(=O)OC(C)C,0
N#CCc1cccc(C(F)(F)F)c1,0
CC[N+]1(C)CCCC1,0
Cn1cnc([N+](=O)[O-])c1Sc1ncnc2nc[nH]c12,1
Cc1ccccc1C,0
O=C1NC2CCCCN2C12CCN(CCCN1c3ccccc3CCc3ccc(Cl)cc31)CC2,0
C[N+](C)=CCl,0
NC[C@H](O)c1ccc(O)c(O)c1,0
O=C1c2ccccc2C(=O)c2c(O)c(O)cc(O)c21,0
Nc1nc(Cl)nc2c1ncn2[C@@H]1O[C@H](CO)[C@@H](O)[C@@H]1F,1
CCCCOC(C)=O,0
COc1c(C)c2c(c(O)c1C/C=C(\C)CCC(=O)O)C(=O)OC2,1
CC(C)c1ccc(C(=O)N=C(N)N)cc1S(C)(=O)=O,0
O=C(OCc1ccccc1)c1ccccc1O,0
Cc1cc(S(=O)(=O)[O-])ccc1/N=N/c1c(O)ccc2ccccc12,0
ClC1(Cl)C2(Cl)C3(Cl)C4(Cl)C(Cl)(Cl)C5(Cl)C3(Cl)C1(Cl)C5(Cl)C24Cl,0
CN[C@H](C)Cc1ccccc1,0
CC(=O)c1ccc2ccc3ccccc3c2c1,1
NS(=O)(=O)c1cc(Cl)c(Cl)c(S(N)(=O)=O)c1,0
CC(C)C[C@H](NC(=O)[C@H](Cc1ccccc1)NC(=O)c1cnccn1)B(O)O,1
COC(=O)Nc1nc2cc(S(=O)c3ccccc3)ccc2[nH]1,1
CC(C)C1=CC2=CC[C@H]3[C@](C)(C(=O)O)CCC[C@]3(C)[C@H]2CC1,0
c1cc(N(CC2CO2)CC2CO2)ccc1OCC1CO1,1
NC(=O)c1ncn([C@@H]2O[C@H](CO)[C@@H](O)[C@H]2O)n1,1
Cc1ccc(N)c(N)c1,0
Cc1ccc(C(=O)C(C)CN2CCCCC2)cc1,0
CN(C)C1CSSSC1,0
CCCCC(CC)COS(=O)(=O)[O-],0
CCN(CC)CCOC(=O)C(Cc1cccc2ccccc12)CC1CCCO1,0
Cc1cc(=O)oc2cc(O)ccc12,1
CCC(C)(c1ccc(O)cc1)c1ccc(O)cc1,1
O=C1/C(=C2\Nc3ccc(S(=O)(=O)O)cc3C2=O)Nc2ccc(S(=O)(=O)O)cc21,0
O=C(CS)OCCOC(=O)CS,1
CC(CC=O)CCCC(C)(C)O,0
CC(=O)c1ccccc1,0
CNC(=O)C[C@@H](N)C(=O)N[C@@H](C(=O)N[C@@H]1C(=O)N2[C@@H](C(=O)O)C(C)(C)S[C@H]12)c1ccc(O)cc1,0
CNC1(c2ccccc2Cl)CCCCC1=O,0
COc1ccc(N=[N+]([O-])c2ccc(OC)cc2)cc1,0
CC/C=C\CC1=C(C)CCC1=O,0
CCOP(=O)(OCC)OP(=O)(OCC)OCC,0
CCOP(=S)(OCC)Oc1cc(C)nc(C(C)C)n1,0
CCOC(=O)c1ccc(O)cc1,0
N=C(N)Nc1ccc(C(=O)Oc2ccc3cc(C(=N)N)ccc3c2)cc1,0
C=CC1CC2C=CC1C2,0
CCC(C(=O)NC(=O)NC(C)=O)c1ccccc1,0
CCN(CC)CCOc1ccccc1C(=O)CCc1ccccc1,0
O=C(Nc1ccc2c(O)c(N=Nc3ccc(N=Nc4ccc(S(=O)(=O)[O-])cc4)cc3)c(S(=O)(=O)[O-])cc2c1)c1ccccc1,0
c1ccc2c(c1)ccc1ncccc12,1
CN(C)CCc1c[nH]c2ccc(Cn3cncn3)cc12,0
Cc1ccc(C(C)(C)c2ccc(C)cc2)cc1,0
C[C@@H](O)C(=O)O,0
Nc1ccc(-c2ccc(N)c(Cl)c2)cc1Cl,1
CCCCCCCCCCCCCCCCCC(=O)OCCCCCCCCCCCCCC(C)C,0
CC(C)c1ccc(C#N)cc1,0
CC(CC=O)c1ccccc1,0
C[C@H]1C[C@H]2[C@@H]3CCC4=CC(=O)C=C[C@]4(C)[C@@]3(F)[C@@H](O)C[C@]2(C)[C@@]1(O)C(=O)COP(=O)([O-])[O-],0
CCCC(C)(COC(N)=O)COC(=O)NC1CC1,0
c1ccc(CN(Cc2ccccc2)Cc2ccccc2)cc1,0
CCN1C(=O)NC(c2ccccc2)C1=O,0
Clc1cccc(-c2cc(Cl)cc(Cl)c2)c1,0
O=c1[nH]c(=O)n(Cl)c(=O)n1Cl,0
CCN(C)C(=O)Oc1cccc([C@H](C)N(C)C)c1,0
Cc1cscn1,0
CCOC(C)(C)C,0
C[C@H]1O[C@@H](O[C@H]2[C@@H](O)C[C@H](O[C@H]3[C@@H](O)C[C@H](O[C@H]4CC[C@]5(C)[C@H]6CC[C@]7(C)[C@@H](C8=CC(=O)OC8)CC[C@]7(O)[C@@H]6CC[C@@H]5C4)O[C@@H]3C)O[C@@H]2C)C[C@H](O)[C@@H]1O,1
Cc1cc(NC(=O)C(=O)O)cc(C)c1Oc1ccc(O)c2c1CCC2,0
Nc1ccc(-c2ccccc2)cc1,0
CC[C@H]1[C@@H]2C[C@H]3[C@@H]4N(C)c5ccccc5[C@]45C[C@@H](C2[C@H]5O)N3[C@@H]1O,0
CC[C@]12CCCN3CCc4c(n(c5ccccc45)C(=O)C1)[C@@H]32,1
CCC12COCN1COC2,0
CC(C)(C)C(=O)OCC(=O)[C@H]1CC[C@H]2[C@@H]3CCC4=CC(=O)CC[C@]4(C)[C@H]3CC[C@]12C,0
Cc1ccc(N)c(C)c1,0
OCCN1CCN(CC/C=C2/c3ccccc3Sc3ccc(Cl)cc32)CC1,0
CC(Oc1ccc(Cl)cc1Cl)C(=O)O,0
CCCCCC(C)O,0
CC1Cc2ccccc2N1NC(=O)c1ccc(Cl)c(S(N)(=O)=O)c1,0
COCC(C)N(C(=O)CCl)c1c(C)csc1C,0
CN(C)C(=O)Oc1ccc[n+](C)c1,0
Cc1cc(C)cc(OP(=O)(Oc2cc(C)cc(C)c2)Oc2cc(C)cc(C)c2)c1,0
COc1ccc2c(C(=O)c3ccc(Cl)cc3)c(C)n(CC(=O)O)c2c1,0
O=C([O-])c1ccccc1-c1c2cc(I)c(=O)c(I)c-2oc2c(I)c([O-])c(I)cc12,0
[I-].[K+],0
CC1(C)C(=O)N(Cl)C(=O)N1Br,0
CO[C@H]1CC(O[C@H]2C[C@H]([C@H]3O[C@](C)(O)[C@H](C)C[C@@H]3C)O[C@H]2[C@]2(C)CC[C@H]([C@]3(C)CC[C@]4(C[C@H](O)[C@@H](C)[C@@H]([C@@H](C)[C@@H]5O[C@](O)(CC(=O)[O-])[C@@H](C)[C@H](OC)[C@H]5OC)O4)O3)O2)O[C@@H](C)[C@@H]1OC,1
O=Cc1ccc(C(=O)O)cc1,0
CN1CCN2c3ccccc3Cc3ccccc3C2C1,0
C=C(C)OC(C)=O,0
CN(C)c1ccc(C(=N)c2ccc(N(C)C)cc2)cc1,1
ClC(Cl)c1ccccc1,0
C1CCCNCCC1,0
Cc1ccc(O)c(C)c1,0
S=c1[nH]cnc2[nH]cnc12,1
O=C1CCCCCO1,0
CCO[Si](CCC1CCC2OC2C1)(OCC)OCC,0
CCCCCO,0
C[C@H]1CN(c2c(F)c(F)c3c(=O)c(C(=O)O)cn(C4CC4)c3c2F)C[C@@H](C)N1,0
N[C@@H](CS)C(=O)O,0
CC(N)=S,0
O=C(Cc1ccccc1)OCc1ccccc1,0
Cl[Hg]c1ccccc1,1
N#Cc1c2ccccc2cc2ccccc12,1
CC(C)=C[C@@H]1[C@@H](C(=O)OCc2coc(Cc3ccccc3)c2)C1(C)C,0
O=[N+]([O-])c1ccc(Cl)cc1Cl,0
CC(C)CNCC(C)C,0
O=NN1CCOCC1,0
Cn1c(=O)c2c(ncn2CC(O)CO)n(C)c1=O,0
Cc1cc(C(C)(C)C)c(O)c(C)c1CC1=NCCN1,0
CN1C(=O)CN2CCc3ccccc3C2c2cc(Cl)ccc21,1
Nc1cc(Cl)c(N)c(Cl)c1,0
CC(C)=CCC1=C(O)C(=O)c2ccccc2C1=O,1
CCC(=O)O[C@H]1[C@@H](N2CCCCC2)C[C@H]2[C@@H]3CC[C@H]4C[C@H](OC(C)=O)[C@@H](N5CCCCC5)C[C@]4(C)[C@H]3CC[C@@]21C,0
C=CCOC(=O)C(C)(C)OC(=O)c1cc(-n2c(=O)cc(C(F)(F)F)n(C)c2=O)ccc1Cl,0
O=C(Nc1cccc(C(F)(F)F)c1)c1cc(Br)cc(Br)c1O,1
CC1OC(=O)C(C)OC1=O,0
CCCCc1cc2c(=O)c(C(=O)OC)c[nH]c2cc1OCc1ccccc1,0
O=Nc1ccc(Nc2ccccc2)cc1,1
Fc1ccc(Oc2ccnc3cc(Cl)cc(Cl)c23)cc1,1
CC(C)(C)c1ccc(OP(=O)(Oc2ccccc2)Oc2ccccc2)cc1,0
CCCCCCCCCCCCCCCCO,0
O=C(c1ccc(O)cc1)c1ccc(O)cc1O,0
COc1ccccc1N,0
CCOC(=O)C1=C(C)NC(C)=C(C(=O)OCC)C1c1ccccc1/C=C/C(=O)OC(C)(C)C,1
CCCCCCCC/C=C\CCCCCCCC(=O)OCCCC,0
Nc1ccc(Oc2ccc(N)cc2)cc1,0
O=c1n(CC2CO2)c(=O)n(CC2CO2)c(=O)n1CC1CO1,1
CCOP(=S)(S)OCC,0
CCCCCCCC,0
CS(=O)(=O)c1ccc([C@@H](C[C@H]2CCC(=O)C2)C(=O)Nc2cnccn2)cc1Cl,0
CC(Oc1cc(Cl)ccc1Cl)C(=O)O,0
Cc1c(Cl)cccc1Cl,0
CC(C)c1nc(CN(C)C(=O)N[C@H](C(=O)N[C@@H](Cc2ccccc2)C[C@H](O)[C@H](Cc2ccccc2)NC(=O)OCc2cncs2)C(C)C)cs1,0
IC(I)=C(I)I,1
COCN(COC)c1nc(N(COC)COC)nc(N(COC)COC)n1,0
Cc1nc2sccn2c(=O)c1CCN1CCC(=C(c2ccc(F)cc2)c2ccc(F)cc2)CC1,0
CCCCCCCC(=O)OCCCCCC,0
OCCN1CCN(CCCN2c3ccccc3C=Cc3ccccc32)CC1,0
CC(C)CCON=O,0
CC(=O)SCC(CC(=O)c1ccc(C)cc1)C(=O)O,0
CC=Cc1ccc2c(c1)OCO2,0
CC1CCCCC1NC(=O)Nc1ccccc1,0
CC/C=C\CCCCCO,0
c1nc[nH]n1,0
CCCCCCCCCCCCN,0
C[C@]12C[C@H](O)[C@H]3[C@@H](CCC4=CC(=O)CC[C@@]43C)[C@@H]1CC[C@]2(O)C(=O)COP(=O)([O-])[O-],0
CC[N+]1(C)CCCC1.O=S(=O)([O-])C(F)(F)F,0
COc1cc([C@@H]2c3cc4c(cc3C(O[C@@H]3O[C@@H]5CO[C@@H](C)O[C@H]5[C@H](O)[C@H]3O)C3COC(=O)[C@@H]32)OCO4)cc(OC)c1O,1
C=COCC1CCC(CO)CC1,0
C=CCBr,0
CC(=O)CC(=O)Nc1ccc(C)cc1C,0
CN(C)CCCN1c2ccccc2Sc2ccc(C(F)(F)F)cc21,1
CC(=O)O[C@@H]1C[C@H]2CC[C@]1(C)C2(C)C,0
Cc1nc(-c2ccc3c(c2)CCN(CCC2CCC(NC(=O)/C=C/c4ccc(F)cc4)CC2)CC3)no1,1
CN1C2CCC1CC(OC(c1ccccc1)c1ccc(Cl)cc1)C2,1
Cl[Sb](Cl)Cl,1
OCCOCCO,0
CCCCCCCCn1sc(Cl)c(Cl)c1=O,1
CCOC(=O)[C@@](C)(N)Cc1ccc(O)c(O)c1,0
ClCc1ccccc1Cl,0
NC1(c2ccccc2)CCCCC1,0
O=c1c(-c2ccccc2)c1-c1ccccc1,1
C#C[C@]1(OC(C)=O)CC[C@H]2[C@@H]3CCC4=CC(=O)CC[C@@H]4[C@H]3CC[C@@]21C,0
CNC,0
C[N+](C)(C)CCO,0
CCCOC(=O)CCCCC(=O)OCCC,0
O=C([O-])Cc1cccc2ccccc12,0
CN(C)N=Nc1nc[nH]c1C(N)=O,0
CCC(C)O,0
O=C(NC(=O)c1c(F)cccc1F)Nc1cc(Cl)c(Oc2ncc(C(F)(F)F)cc2Cl)c(Cl)c1,1
Nc1cc(Cl)c(-c2cc(Cl)c(N)cc2Cl)cc1Cl,1
COc1ccc(C=O)cc1O,0
CCCCNC(=O)NCCCC,0
CSC1=N[C@@](C)(c2ccccc2)C(=O)N1Nc1ccccc1,0
CC(C)c1cccc(C(C)C)c1O,0
Oc1cc(Cl)c(Cl)cc1Cl,0
CCOc1cc(OCC)c(C(=O)CCC(=O)O)cc1OCC,0
C/C=C(\C)C(=O)OCc1ccccc1,0
CCCCCCCCC(=O)Cl,0
Nc1cc(Cl)cc(Cl)c1,0
CCCCOCC(C)OCC(C)O,0
C#C[C@]1(O)CC[C@H]2[C@@H]3CCc4cc(OC)ccc4[C@H]3CC[C@@]21C,0
CCOc1cccc(N)c1,0
CCO[Si](OCC)(OCC)OCC,0
Clc1nc(Cl)c(Cl)c(Cl)c1Cl,0
CCCCN(CCCC)CCCC,0
COC(=O)[C@H]1[C@H]2C[C@@H]3c4[nH]c5cc(OC)ccc5c4CCN3C[C@H]2C[C@@H](OC(=O)c2cc(OC)c(OC)c(OC)c2)[C@@H]1OC,0
N#Cc1ccc2c(c1)N(CCCN1CCC(O)CC1)c1ccccc1S2,1
CCCCCOC(=O)CCCC,0
CCOCC(C)O,0
C#C[C@]1(OC(C)=O)CC[C@H]2[C@@H]3CCC4=C/C(=N/O)CC[C@@H]4[C@H]3CC[C@@]21CC,1
O=C1c2ccccc2C(=O)c2cc(Cl)ccc21,0
c1ccc2cc3c(cc2c1)-c1cccc2cccc-3c12,1
O=C1c2c(O)cccc2Cc2cccc(O)c21,0
O=C(O)COc1ccc(Cl)cc1Cl,0
CC12CCC(CC1)C(C)(C)O2,0
Cc1c2oc3c(C)ccc(C(=O)N[C@@H]4C(=O)N[C@H](C(C)C)C(=O)N5CCC[C@H]5C(=O)N(C)CC(=O)N(C)[C@@H](C(C)C)C(=O)O[C@@H]4C)c3nc-2c(C(=O)N[C@@H]2C(=O)N[C@H](C(C)C)C(=O)N3CCC[C@H]3C(=O)N(C)CC(=O)N(C)[C@@H](C(C)C)C(=O)O[C@@H]2C)c(N)c1=O,1
COC(C)OC,0
NC(=S)c1c(Cl)cccc1Cl,0
CO[C@H](C(=O)[C@@H](O)[C@@H](C)O)[C@@H]1Cc2cc3cc(O[C@H]4C[C@@H](O[C@@H]5C[C@@H](O)[C@@H](OC)[C@@H](C)O5)[C@@H](OC(=O)O)[C@@H](C)O4)c(C)c(O)c3c(O)c2C(=O)[C@H]1O[C@H]1C[C@@H](O[C@H]2C[C@@H](O[C@H]3C[C@](C)(O)[C@@H](OC(C)=O)[C@H](C)O3)[C@H](O)[C@@H](C)O2)[C@H](O)[C@@H](C)O1,1
CC(C)NC(=O)NC(C)C,0
C[C@]12CC[C@@H]3c4ccc(OC(=O)N(CCCl)CCCl)cc4CC[C@H]3[C@@H]1CC[C@@H]2OP(=O)([O-])[O-],1
CC[C@@H](C)CCCCC(=O)N[C@@H](CCNCS(=O)(=O)[O-])C(=O)N[C@H](C(=O)N[C@@H](CCNCS(=O)(=O)[O-])C(=O)N[C@H]1CCNC(=O)[C@H]([C@@H](C)O)NC(=O)[C@H](CCNCS(=O)(=O)[O-])NC(=O)[C@H](CCNCS(=O)(=O)[O-])NC(=O)[C@H](CC(C)C)NC(=O)[C@@H](CC(C)C)NC(=O)[C@H](CCNCS(=O)(=O)[O-])NC1=O)[C@@H](C)O,0
O=C(O)CC/C=C\CC[C@H]1[C@@H](OCc2ccc(-c3ccccc3)cc2)C[C@H](O)[C@@H]1N1CCCCC1,0
CCC(=O)OCC(=O)[C@@]1(OC(=O)CC)[C@@H](C)C[C@H]2[C@@H]3CCC4=CC(=O)C=C[C@]4(C)[C@@]3(Cl)[C@@H](O)C[C@@]21C,0
CCC(=O)O[C@@H]1C[C@H]2CC[C@]1(C)C2(C)C,0
CCC1NC(=O)c2cc(S(N)(=O)=O)c(Cl)cc2N1,0
CCCCCCCCCCC=CC1CC(=O)OC1=O,0
CC(C)N(CCC(C(N)=O)(c1ccccc1)c1ccccn1)C(C)C,0
O=C(c1ccccc1)c1ccc(O)c(O)c1O,0
CCN(CC)c1cccc(O)c1,0
CCN1CCN(c2cc(-c3ccc(F)cc3)c3c(n2)CCCCCC3)CC1,0
CCN(CC)CCNC(=O)c1ccc(NS(C)(=O)=O)cc1,0
CCCCCCCC/C=C\CCCCCCCC(=O)O,0
COc1ccc(CCNCC(O)COc2cccc(C)c2)cc1OC,0
COC(=O)c1sccc1S(N)(=O)=O,0
C[N+](C)(C)CC(=O)[O-],0
CO/N=C(\C(=O)N[C@@H]1C(=O)N2C(C(=O)O)=C(CSc3nnnn3C)CS[C@H]12)c1csc(N)n1.CO/N=C(\C(=O)N[C@@H]1C(=O)N2C(C(=O)O)=C(CSc3nnnn3C)CS[C@H]12)c1csc(N)n1,0
O=Cc1ccccc1[N+](=O)[O-],1
CCCCCCCCCCCC(=O)N(CC)CC,0
O=[N+]([O-])c1ccc(O)cc1C(F)(F)F,1
COC(=O)Nc1nc2cc(Sc3ccccc3)ccc2[nH]1,1
CC1CCCC(=O)C1=O,0
O=C(N[C@H]1CN2CCC1CC2)c1ccc2c(c1)OCCO2,0
O=C(Cl)c1ccccc1[N+](=O)[O-],0
CC(C)(C)C(O)/C(=C\c1ccc(Cl)cc1Cl)n1cncn1,0
Cc1cc(O)c(C(=O)N[C@@H](C(=O)N[C@@H]2C(=O)N3C(C(=O)O)=C(CSc4nnnn4C)CS[C@H]23)c2ccc(O)cc2)cn1,0
O=[Cr](=O)([O-])O[Cr](=O)(=O)[O-],1
COC(=O)CCC[N+](C)(C)C,0
C=CC(=O)OCCCCCCCC(C)C,0
CO[C@H]1[C@@H](O)C[C@H](O[C@H]2[C@@H](O)C[C@H](O[C@H]3[C@@H](O)C[C@H](O[C@H]4CC[C@]5(C)[C@H]6C[C@@H](O)[C@]7(C)[C@@H](C8=CC(=O)OC8)CC[C@]7(O)[C@@H]6CC[C@@H]5C4)O[C@@H]3C)O[C@@H]2C)O[C@@H]1C,0
[S-]c1ccccc1,0
CCCC(C)=O,0
C[C@]12CC[C@H]3[C@@H](CCC4=CC(=O)CC[C@@]43C)[C@@H]1CC[C@@H]2C(=O)CO,0
N#CC(C#N)=C(C#N)C#N,0
O=[N+]([O-])c1ccc2[nH]ncc2c1,0
COc1ccc(CCN(C)CCCN2CCc3cc(OC)c(OC)cc3CC2=O)cc1OC,0
OC1CCCc2ccccc21,0
CC(C)(C)N(CCO)CCO,0
O=C(O)c1cc(Cl)cc(Cl)c1O,0
COC(=O)Nc1nc2cc(C(=O)c3cccs3)ccc2[nH]1,1
O=C(O)CCCCCCCCC(=O)O,0
CCOC(=O)COC(=O)c1cc(Oc2ccc(C(F)(F)F)cc2Cl)ccc1[N+](=O)[O-],0
Nc1ccc2cc3ccccc3cc2c1,1
CCCC(=O)N1CCCN(c2nc(N)c3cc(OC)c(OC)cc3n2)CC1,0
CCCCOC(=O)CCCCCCCC(=O)OCCCC,0
O=[N+]([O-])c1ccc(C=Cc2ccc([N+](=O)[O-])cc2S(=O)(=O)[O-])c(S(=O)(=O)[O-])c1,0
NC1CCCCC1,0
NS(=O)(=O)c1cc2c(cc1Cl)N=CNS2(=O)=O,0
CCC[N+]1(C)CCCC1,0
COC(=O)c1ccc(O)cc1,0
Cl[Ba]Cl,0
c1ccc2c(c1)-c1cccc3c1c-2cc1ccccc13,1
CC(=O)Oc1ccc(C2(c3ccc(OC(C)=O)cc3)C(=O)Nc3ccccc32)cc1,1
CC(=O)C=Cc1ccccc1,0
CSc1ccc2c(c1)C(N1CCN(C)CC1)Cc1ccccc1S2,0
O=S(=O)([O-])[O-].[Na+].[Na+],0
ClC(Br)Br,0
NC(=O)N1C(=O)C(C(=O)c2cc(Cl)cs2)c2cc(F)c(Cl)cc21,1
Oc1ccc(Cl)cc1Cc1cc(Cl)ccc1O,1
CCCCCCCCCCCCCC(=O)OCC,0
CN1CCC(Nc2ncc3ncnc(Nc4ccc(F)c(Cl)c4)c3n2)CC1,1
Oc1nc(Cl)c(Cl)cc1Cl,0
O=S1OCCO1,0
CCCOC(C)=O,0
CC(C)COC(=O)COc1cc(Cl)c(Cl)cc1Cl,0
CCCCC(CC)COC(=O)CC#N,0
CC(C(O)c1ccccc1)N(C)CCOC(c1ccccc1)c1ccccc1,0
CC(C)(CO)[C@@H](O)C(=O)NCCCO,0
O=C=Nc1ccc(Cl)cc1,0
Nc1nc(N)c(-c2ccccc2)s1,0
Cc1ccc(C(=O)O)cc1[N+](=O)[O-],0
CCCCCCCC#N,0
c1csc(-c2ccc(-c3cccs3)s2)c1,1
O=c1[n-]c(=O)n(Cl)c(=O)n1Cl,0
COc1ccc(C(=O)N2CCCC2=O)cc1,0
CC(C)N(C(=O)CCl)c1ccccc1,1
CCN(CCO)c1cccc(C)c1,0
C#C[C@]1(O)CC[C@H]2[C@@H]3CCc4cc(O)ccc4[C@H]3CC[C@@]21C,1
CC1=C(C)S(=O)(=O)CCS1(=O)=O,0
C=CCNC1=C2C[C@@H](C)C[C@H](OC)[C@H](O)[C@@H](C)C=C(C)[C@H](OC(N)=O)[C@@H](OC)C=CC=C(C)C(=O)NC(=CC1=O)C2=O,1
CC(C)(C)c1cc([N+](=O)[O-])cc([N+](=O)[O-])c1O,1
Cc1ccccc1CCl,0
CCOC(=O)C1=NOC(c2ccccc2)(c2ccccc2)C1,0
CC(C)C[P+](C)(CC(C)C)CC(C)C,0
CCC1=C(C)CN(C(=O)NCCc2ccc(S(=O)(=O)NC(=O)N[C@H]3CC[C@H](C)CC3)cc2)C1=O,0
CC(C)OC(=O)COc1ccc(Cl)cc1Cl,0
CCOc1cc(N)c(Cl)cc1C(=O)NCC1CN(Cc2ccc(F)cc2)CCO1.O=C(O)CC(O)(CC(=O)O)C(=O)O,0
O=[N+]([O-])OCCN(CCO[N+](=O)[O-])CCO[N+](=O)[O-],0
Oc1ccc2ccccc2c1/N=N/c1ccccc1,0
COc1cc(N)c(Cl)cc1C(=O)NC1CCN(CCCOc2ccc(F)cc2)CC1OC,0
Cc1ccc(S(=O)(=O)O)cc1.O,0
C=CCc1ccc2c(c1)OCO2,0
OB(O)O[Hg]c1ccccc1,1
Cc1ccc(S(=O)(=O)NC(=O)NN2CCCCCC2)cc1,0
O=S(=O)([O-])CO,0
CCN(CC)CCNC(C(=O)OCCC(C)C)c1ccccc1,0
CCN(CC)CCNC(=O)c1ccc(N)cc1,0
CCOP(=S)(Oc1ccc([N+](=O)[O-])cc1)c1ccccc1,0
CN1CCC[C@H]1c1cccnc1,0
CCCCCCCCCCN,0
Cc1ccccc1/N=N/c1ccc(/N=N/c2c(O)ccc3ccccc23)c(C)c1,0
O=C(O[C@@H]1C[C@@H]2CC[C@H](C1)[N+]21CCCC1)C(O)(c1ccccc1)c1ccccc1,0
O=[N+]([O-])c1ccc(Cl)c(Cl)c1,0
Nc1ccc(Cl)cc1[N+](=O)[O-],0
CC(C)CCCCCCOC(=O)c1ccccc1C(=O)OCCCCCCC(C)C,0
CCOP(=S)(NC(C)C)Oc1ccccc1C(=O)OC(C)C,0
CCCCn1cc[n+](C)c1.F[B-](F)(F)F,0
CC[N+]1(CC)CCC(=C(c2ccccc2)c2ccccc2)C1C,0
CCN[C@H]1C[C@H](C)S(=O)(=O)c2sc(S(N)(=O)=O)cc21,0
CCCCNP(N)(N)=S,0
CC(=O)OCc1ccccc1,0
CC1=C(/C=C/C(C)=C/C=C/C(C)=C/C=C/C=C(C)/C=C/C=C(C)/C=C/C2=C(C)C[C@@H](O)CC2(C)C)C(C)(C)C[C@H](O)C1,1
F[B-](F)(F)F.[H+],0
CCCC[N+]1(C)CCCC1.N#CN=C=[N-],0
CC[C@H](c1ccc(O)cc1)[C@@H](CC)c1ccc(O)cc1,1
Nc1ccc(C(=O)Nc2ccccc2N)cc1,1
CCCCN1CCCC[C@H]1C(=O)Nc1c(C)cccc1C,0
O=C(O)CF,0
N#Cc1cc(I)c(O)c(I)c1,1
CCOc1ccc(NC(C)=O)cc1N,0
CC(C)C[C@H](NC(=O)OCC1c2ccccc2-c2ccccc21)C(=O)O,0
NC(=O)c1ncn([C@@H]2O[C@H](CO)[C@@H](O)[C@H]2O)c1N,0
CCOC(C)=O,0
Cc1ccccc1OCC(=O)O,0
CCCN(CCC)C(=O)SCC,0
CS(=O)(=O)c1ccc(C(=O)C2C(=O)CCCC2=O)c(Cl)c1COCC(F)(F)F,0
CCNP(=S)(OC)O/C(C)=C/C(=O)OC(C)C,0
CCCC[Sn](CCCC)(OC(C)=O)OC(C)=O,1
CCCCCNCCCCC,0
Cc1cc(O)c2c(c1)C(=O)c1cc(O)cc(O)c1C2=O,1
O=C1C(Cl)=C(Cl)C(=O)C(Cl)=C1Cl,1
CO/C=C(/C(=O)OC)c1ccccc1COc1cccc(C(F)(F)F)n1,1
CCCC(=O)O[C@]1(C(=O)COC(C)=O)CC[C@H]2[C@@H]3C[C@H](F)C4=CC(=O)C=C[C@]4(C)[C@@]3(F)[C@@H](O)C[C@@]21C,0
CC(=O)O[C@]1(C(C)=O)CC[C@H]2[C@@H]3C=C(Cl)C4=CC(=O)[C@@H]5C[C@@H]5[C@]4(C)[C@H]3CC[C@@]21C,0
C/C(=N\NC(=O)Nc1cc(F)cc(F)c1)c1ncccc1C(=O)[O-],0
CCCC[C@H]1CN(CC2CCOCC2)C(=O)OC12CCN(C1(C)CCN(C(=O)c3c(C)ncnc3C)CC1)CC2,0
CCCSSC(CCO)=C(C)N(C=O)Cc1cnc(C)nc1N,0
O=C1CCCCCCCCCCCN1,0
Brc1c2ccccc2c(Br)c2ccccc12,1
C[C@]1(O)CC[C@H]2[C@@H]3CCC4=CC(=O)CC[C@]4(C)[C@H]3CC[C@@]21C,1
C=C1c2c(Cl)ccc(O)c2C(=O)C2=C(O)[C@]3(O)C(=O)C(C(N)=O)=C(O)[C@@H](N(C)C)[C@@H]3[C@@H](O)[C@H]12.O=C(O)c1cc(S(=O)(=O)O)ccc1O,0
CC(C)C[C@H](NC(=O)[C@H](CCc1ccccc1)NC(=O)CN1CCOCC1)C(=O)N[C@@H](Cc1ccccc1)C(=O)N[C@@H](CC(C)C)C(=O)[C@@]1(C)CO1,1
NC(=O)n1c(O)c(C(=O)c2cccs2)c2cc(Cl)ccc21,1
Nc1c(S(=O)(=O)[O-])cc(Br)c2c1C(=O)c1ccccc1C2=O,0
CC(C)OC(=O)Nc1cccc(Cl)c1,0
COC(=O)Nc1ccc(Cl)c(Cl)c1,0
Brc1cc2ccccc2c2ccccc12,0
ClCCCCCCCl,0
CCCCCCCC(=O)OC,0
CN1Cc2c(N)cccc2C(c2ccccc2)C1,0
CCC(=O)O[C@H]1CC[C@H]2[C@@H]3CCc4cc(O)ccc4[C@H]3CC[C@]12C,1
Cc1ncsc1CCCl,0
CCCCCCC/C=C/C=O,0